value,prefix,side,trial_id,instrument,subscale,item,gender,age,dominant_arm,cohort,videogame_exp,videogame_conf,exercise_conf,cue_conf,activites,measure_label
15.0,rightscore,,1,,,,2,20,1,1,"2,3,4",1,2,3,"1,8",rightscore_Trial_1
15.0,rightscore,,1,,,,2,21,2,4,"2,3,4",2,2,3,"1,8",rightscore_Trial_1
8.0,rightscore,,1,,,,1,20,1,2,"2,4",2,2,2,"1,2,8",rightscore_Trial_1
15.0,rightscore,,1,,,,2,21,1,4,"2,3,4",2,2,2,"1,4",rightscore_Trial_1
6.0,rightscore,,1,,,,2,21,1,3,2,2,3,2,"4,8",rightscore_Trial_1
15.0,rightscore,,1,,,,2,21,1,4,"2,3,4",3,3,3,"1,4,5,8",rightscore_Trial_1
15.0,rightscore,,1,,,,3,21,2,1,"2,3,4",2,1,2,"1,8",rightscore_Trial_1
15.0,rightscore,,1,,,,2,19,1,4,"2,4",2,3,2,"2,4,5",rightscore_Trial_1
10.0,rightscore,,1,,,,1,20,1,2,4,2,3,2,4,rightscore_Trial_1
3.0,rightscore,,1,,,,2,23,1,3,"2,3,4",1,3,2,"1,4,8",rightscore_Trial_1
15.0,rightscore,,1,,,,2,19,1,4,2,2,3,3,"1,4,8",rightscore_Trial_1
15.0,rightscore,,1,,,,2,20,2,1,"2,4",1,3,2,"1,4,6,8",rightscore_Trial_1
15.0,rightscore,,1,,,,2,22,1,4,"2,3",1,2,3,"4,5",rightscore_Trial_1
11.0,rightscore,,1,,,,2,20,1,2,2,2,2,2,"2,4,8",rightscore_Trial_1
11.0,rightscore,,1,,,,2,25,1,2,"2,4",2,2,2,"2,4,6,7",rightscore_Trial_1
7.0,rightscore,,1,,,,2,20,1,2,2,2,2,2,"2,4,8",rightscore_Trial_1
7.0,rightscore,,1,,,,2,25,1,2,"2,4",2,2,2,"2,4,6,7",rightscore_Trial_1
15.0,rightscore,,1,,,,2,20,1,4,"2,4",1,3,2,"1,2,4,8",rightscore_Trial_1
5.0,rightscore,,1,,,,2,19,1,3,2,2,3,2,"2,4",rightscore_Trial_1
15.0,rightscore,,1,,,,2,22,1,4,2,2,2,2,"2,4,6,8",rightscore_Trial_1
15.0,rightscore,,1,,,,2,18,1,1,2,2,2,2,"4,8",rightscore_Trial_1
15.0,rightscore,,1,,,,2,19,1,4,2,1,3,2,"2,6,8",rightscore_Trial_1
9.0,rightscore,,1,,,,2,21,1,2,"2,4",2,2,2,1,rightscore_Trial_1
15.0,rightscore,,1,,,,2,19,2,4,2,1,2,3,"4,5,6",rightscore_Trial_1
3.0,rightscore,,1,,,,1,20,1,3,"2,4",2,2,2,4,rightscore_Trial_1
15.0,rightscore,,1,,,,2,18,1,4,2,2,2,2,4,rightscore_Trial_1
15.0,rightscore,,1,,,,1,21,1,1,"2,4",2,3,3,"1,4",rightscore_Trial_1
15.0,rightscore,,1,,,,2,24,1,4,2,1,1,2,,rightscore_Trial_1
11.0,rightscore,,1,,,,2,19,1,2,2,1,1,2,"4,7",rightscore_Trial_1
15.0,rightscore,,1,,,,3,19,1,4,"2,3,4",2,1,2,"1,2,6,7,8",rightscore_Trial_1
7.0,rightscore,,1,,,,2,22,1,3,"2,4",1,3,3,"4,6,8",rightscore_Trial_1
15.0,rightscore,,1,,,,1,22,1,4,"2,3,4",2,3,2,"1,4",rightscore_Trial_1
15.0,rightscore,,1,,,,2,25,1,1,4,2,3,2,"1,2,4",rightscore_Trial_1
15.0,rightscore,,1,,,,2,21,1,4,2,2,2,2,"4,8",rightscore_Trial_1
10.0,rightscore,,1,,,,2,22,1,2,"2,3,4",2,3,3,"1,2,4",rightscore_Trial_1
15.0,rightscore,,1,,,,2,19,2,4,"2,3,4",2,1,3,"1,2,4,5,6,7,8",rightscore_Trial_1
4.0,rightscore,,1,,,,2,20,1,3,"2,4",1,3,2,"4,5,8",rightscore_Trial_1
15.0,rightscore,,1,,,,2,21,1,4,"2,3,4",2,2,2,"2,4,8",rightscore_Trial_1
15.0,rightscore,,1,,,,1,30,1,1,"2,3,4",3,3,3,"1,2,4,5,6,7,8",rightscore_Trial_1
15.0,rightscore,,1,,,,1,22,1,4,"2,4",3,3,3,"1,2,4,5",rightscore_Trial_1
5.0,rightscore,,1,,,,1,18,1,2,"2,4",2,2,2,2,rightscore_Trial_1
15.0,rightscore,,1,,,,2,19,1,4,"2,3,4",3,2,2,"1,4,7",rightscore_Trial_1
9.0,rightscore,,1,,,,1,19,1,3,"3,4",3,2,2,"1,4",rightscore_Trial_1
15.0,rightscore,,1,,,,1,23,1,4,"2,3,4",2,3,3,"1,2,4,5",rightscore_Trial_1
15.0,rightscore,,1,,,,2,21,2,1,"2,3,4",2,2,2,"1,4,5,8",rightscore_Trial_1
15.0,rightscore,,1,,,,1,29,1,4,3,2,2,2,"1,2,4",rightscore_Trial_1
7.0,rightscore,,1,,,,2,27,2,2,2,2,2,2,"4,8",rightscore_Trial_1
15.0,rightscore,,1,,,,2,18,1,4,"2,4",2,3,3,"4,8",rightscore_Trial_1
5.0,rightscore,,1,,,,2,24,1,3,"2,3,4",2,3,3,"1,4,5,7,8",rightscore_Trial_1
15.0,rightscore,,1,,,,2,22,1,4,"2,3,4",1,3,3,8,rightscore_Trial_1
15.0,rightscore,,1,,,,2,23,1,1,"2,3,4",1,3,3,"2,4,6",rightscore_Trial_1
15.0,rightscore,,1,,,,1,21,1,4,"2,4",2,2,2,4,rightscore_Trial_1
6.0,rightscore,,1,,,,2,22,1,2,1,1,2,3,"4,8",rightscore_Trial_1
15.0,rightscore,,1,,,,2,20,1,4,"2,4",2,3,2,"1,2,4,5,6,7,8",rightscore_Trial_1
6.0,rightscore,,1,,,,2,24,1,3,"2,3,4",1,3,2,"4,8",rightscore_Trial_1
15.0,rightscore,,1,,,,2,21,1,4,"2,3,4",3,2,3,"1,2,7",rightscore_Trial_1
15.0,rightscore,,2,,,,2,20,1,1,"2,3,4",1,2,3,"1,8",rightscore_Trial_2
7.0,rightscore,,2,,,,2,21,2,4,"2,3,4",2,2,3,"1,8",rightscore_Trial_2
7.0,rightscore,,2,,,,1,20,1,2,"2,4",2,2,2,"1,2,8",rightscore_Trial_2
5.0,rightscore,,2,,,,2,21,1,4,"2,3,4",2,2,2,"1,4",rightscore_Trial_2
3.0,rightscore,,2,,,,2,21,1,3,2,2,3,2,"4,8",rightscore_Trial_2
12.0,rightscore,,2,,,,2,21,1,4,"2,3,4",3,3,3,"1,4,5,8",rightscore_Trial_2
15.0,rightscore,,2,,,,3,21,2,1,"2,3,4",2,1,2,"1,8",rightscore_Trial_2
6.0,rightscore,,2,,,,2,19,1,4,"2,4",2,3,2,"2,4,5",rightscore_Trial_2
8.0,rightscore,,2,,,,1,20,1,2,4,2,3,2,4,rightscore_Trial_2
5.0,rightscore,,2,,,,2,23,1,3,"2,3,4",1,3,2,"1,4,8",rightscore_Trial_2
10.0,rightscore,,2,,,,2,19,1,4,2,2,3,3,"1,4,8",rightscore_Trial_2
15.0,rightscore,,2,,,,2,20,2,1,"2,4",1,3,2,"1,4,6,8",rightscore_Trial_2
5.0,rightscore,,2,,,,2,22,1,4,"2,3",1,2,3,"4,5",rightscore_Trial_2
12.0,rightscore,,2,,,,2,20,1,2,2,2,2,2,"2,4,8",rightscore_Trial_2
12.0,rightscore,,2,,,,2,25,1,2,"2,4",2,2,2,"2,4,6,7",rightscore_Trial_2
8.0,rightscore,,2,,,,2,20,1,2,2,2,2,2,"2,4,8",rightscore_Trial_2
8.0,rightscore,,2,,,,2,25,1,2,"2,4",2,2,2,"2,4,6,7",rightscore_Trial_2
10.0,rightscore,,2,,,,2,20,1,4,"2,4",1,3,2,"1,2,4,8",rightscore_Trial_2
4.0,rightscore,,2,,,,2,19,1,3,2,2,3,2,"2,4",rightscore_Trial_2
9.0,rightscore,,2,,,,2,22,1,4,2,2,2,2,"2,4,6,8",rightscore_Trial_2
15.0,rightscore,,2,,,,2,18,1,1,2,2,2,2,"4,8",rightscore_Trial_2
8.0,rightscore,,2,,,,2,19,1,4,2,1,3,2,"2,6,8",rightscore_Trial_2
8.0,rightscore,,2,,,,2,21,1,2,"2,4",2,2,2,1,rightscore_Trial_2
7.0,rightscore,,2,,,,2,19,2,4,2,1,2,3,"4,5,6",rightscore_Trial_2
7.0,rightscore,,2,,,,1,20,1,3,"2,4",2,2,2,4,rightscore_Trial_2
5.0,rightscore,,2,,,,2,18,1,4,2,2,2,2,4,rightscore_Trial_2
15.0,rightscore,,2,,,,1,21,1,1,"2,4",2,3,3,"1,4",rightscore_Trial_2
9.0,rightscore,,2,,,,2,24,1,4,2,1,1,2,,rightscore_Trial_2
10.0,rightscore,,2,,,,2,19,1,2,2,1,1,2,"4,7",rightscore_Trial_2
8.0,rightscore,,2,,,,3,19,1,4,"2,3,4",2,1,2,"1,2,6,7,8",rightscore_Trial_2
7.0,rightscore,,2,,,,2,22,1,3,"2,4",1,3,3,"4,6,8",rightscore_Trial_2
7.0,rightscore,,2,,,,1,22,1,4,"2,3,4",2,3,2,"1,4",rightscore_Trial_2
15.0,rightscore,,2,,,,2,25,1,1,4,2,3,2,"1,2,4",rightscore_Trial_2
5.0,rightscore,,2,,,,2,21,1,4,2,2,2,2,"4,8",rightscore_Trial_2
7.0,rightscore,,2,,,,2,22,1,2,"2,3,4",2,3,3,"1,2,4",rightscore_Trial_2
2.0,rightscore,,2,,,,2,19,2,4,"2,3,4",2,1,3,"1,2,4,5,6,7,8",rightscore_Trial_2
2.0,rightscore,,2,,,,2,20,1,3,"2,4",1,3,2,"4,5,8",rightscore_Trial_2
8.0,rightscore,,2,,,,2,21,1,4,"2,3,4",2,2,2,"2,4,8",rightscore_Trial_2
15.0,rightscore,,2,,,,1,30,1,1,"2,3,4",3,3,3,"1,2,4,5,6,7,8",rightscore_Trial_2
7.0,rightscore,,2,,,,1,22,1,4,"2,4",3,3,3,"1,2,4,5",rightscore_Trial_2
10.0,rightscore,,2,,,,1,18,1,2,"2,4",2,2,2,2,rightscore_Trial_2
5.0,rightscore,,2,,,,2,19,1,4,"2,3,4",3,2,2,"1,4,7",rightscore_Trial_2
8.0,rightscore,,2,,,,1,19,1,3,"3,4",3,2,2,"1,4",rightscore_Trial_2
7.0,rightscore,,2,,,,1,23,1,4,"2,3,4",2,3,3,"1,2,4,5",rightscore_Trial_2
15.0,rightscore,,2,,,,2,21,2,1,"2,3,4",2,2,2,"1,4,5,8",rightscore_Trial_2
5.0,rightscore,,2,,,,1,29,1,4,3,2,2,2,"1,2,4",rightscore_Trial_2
8.0,rightscore,,2,,,,2,27,2,2,2,2,2,2,"4,8",rightscore_Trial_2
9.0,rightscore,,2,,,,2,18,1,4,"2,4",2,3,3,"4,8",rightscore_Trial_2
6.0,rightscore,,2,,,,2,24,1,3,"2,3,4",2,3,3,"1,4,5,7,8",rightscore_Trial_2
7.0,rightscore,,2,,,,2,22,1,4,"2,3,4",1,3,3,8,rightscore_Trial_2
15.0,rightscore,,2,,,,2,23,1,1,"2,3,4",1,3,3,"2,4,6",rightscore_Trial_2
7.0,rightscore,,2,,,,1,21,1,4,"2,4",2,2,2,4,rightscore_Trial_2
12.0,rightscore,,2,,,,2,22,1,2,1,1,2,3,"4,8",rightscore_Trial_2
7.0,rightscore,,2,,,,2,20,1,4,"2,4",2,3,2,"1,2,4,5,6,7,8",rightscore_Trial_2
4.0,rightscore,,2,,,,2,24,1,3,"2,3,4",1,3,2,"4,8",rightscore_Trial_2
10.0,rightscore,,2,,,,2,21,1,4,"2,3,4",3,2,3,"1,2,7",rightscore_Trial_2
15.0,rightscore,,3,,,,2,20,1,1,"2,3,4",1,2,3,"1,8",rightscore_Trial_3
5.0,rightscore,,3,,,,2,21,2,4,"2,3,4",2,2,3,"1,8",rightscore_Trial_3
7.0,rightscore,,3,,,,1,20,1,2,"2,4",2,2,2,"1,2,8",rightscore_Trial_3
6.0,rightscore,,3,,,,2,21,1,4,"2,3,4",2,2,2,"1,4",rightscore_Trial_3
6.0,rightscore,,3,,,,2,21,1,3,2,2,3,2,"4,8",rightscore_Trial_3
7.0,rightscore,,3,,,,2,21,1,4,"2,3,4",3,3,3,"1,4,5,8",rightscore_Trial_3
15.0,rightscore,,3,,,,3,21,2,1,"2,3,4",2,1,2,"1,8",rightscore_Trial_3
3.0,rightscore,,3,,,,2,19,1,4,"2,4",2,3,2,"2,4,5",rightscore_Trial_3
14.0,rightscore,,3,,,,1,20,1,2,4,2,3,2,4,rightscore_Trial_3
3.0,rightscore,,3,,,,2,23,1,3,"2,3,4",1,3,2,"1,4,8",rightscore_Trial_3
2.0,rightscore,,3,,,,2,19,1,4,2,2,3,3,"1,4,8",rightscore_Trial_3
15.0,rightscore,,3,,,,2,20,2,1,"2,4",1,3,2,"1,4,6,8",rightscore_Trial_3
6.0,rightscore,,3,,,,2,22,1,4,"2,3",1,2,3,"4,5",rightscore_Trial_3
8.0,rightscore,,3,,,,2,20,1,2,2,2,2,2,"2,4,8",rightscore_Trial_3
8.0,rightscore,,3,,,,2,25,1,2,"2,4",2,2,2,"2,4,6,7",rightscore_Trial_3
8.0,rightscore,,3,,,,2,20,1,2,2,2,2,2,"2,4,8",rightscore_Trial_3
8.0,rightscore,,3,,,,2,25,1,2,"2,4",2,2,2,"2,4,6,7",rightscore_Trial_3
6.0,rightscore,,3,,,,2,20,1,4,"2,4",1,3,2,"1,2,4,8",rightscore_Trial_3
4.0,rightscore,,3,,,,2,19,1,3,2,2,3,2,"2,4",rightscore_Trial_3
8.0,rightscore,,3,,,,2,22,1,4,2,2,2,2,"2,4,6,8",rightscore_Trial_3
15.0,rightscore,,3,,,,2,18,1,1,2,2,2,2,"4,8",rightscore_Trial_3
5.0,rightscore,,3,,,,2,19,1,4,2,1,3,2,"2,6,8",rightscore_Trial_3
11.0,rightscore,,3,,,,2,21,1,2,"2,4",2,2,2,1,rightscore_Trial_3
6.0,rightscore,,3,,,,2,19,2,4,2,1,2,3,"4,5,6",rightscore_Trial_3
6.0,rightscore,,3,,,,1,20,1,3,"2,4",2,2,2,4,rightscore_Trial_3
4.0,rightscore,,3,,,,2,18,1,4,2,2,2,2,4,rightscore_Trial_3
15.0,rightscore,,3,,,,1,21,1,1,"2,4",2,3,3,"1,4",rightscore_Trial_3
5.0,rightscore,,3,,,,2,24,1,4,2,1,1,2,,rightscore_Trial_3
10.0,rightscore,,3,,,,2,19,1,2,2,1,1,2,"4,7",rightscore_Trial_3
3.0,rightscore,,3,,,,3,19,1,4,"2,3,4",2,1,2,"1,2,6,7,8",rightscore_Trial_3
5.0,rightscore,,3,,,,2,22,1,3,"2,4",1,3,3,"4,6,8",rightscore_Trial_3
7.0,rightscore,,3,,,,1,22,1,4,"2,3,4",2,3,2,"1,4",rightscore_Trial_3
15.0,rightscore,,3,,,,2,25,1,1,4,2,3,2,"1,2,4",rightscore_Trial_3
7.0,rightscore,,3,,,,2,21,1,4,2,2,2,2,"4,8",rightscore_Trial_3
6.0,rightscore,,3,,,,2,22,1,2,"2,3,4",2,3,3,"1,2,4",rightscore_Trial_3
2.0,rightscore,,3,,,,2,19,2,4,"2,3,4",2,1,3,"1,2,4,5,6,7,8",rightscore_Trial_3
5.0,rightscore,,3,,,,2,20,1,3,"2,4",1,3,2,"4,5,8",rightscore_Trial_3
10.0,rightscore,,3,,,,2,21,1,4,"2,3,4",2,2,2,"2,4,8",rightscore_Trial_3
15.0,rightscore,,3,,,,1,30,1,1,"2,3,4",3,3,3,"1,2,4,5,6,7,8",rightscore_Trial_3
4.0,rightscore,,3,,,,1,22,1,4,"2,4",3,3,3,"1,2,4,5",rightscore_Trial_3
10.0,rightscore,,3,,,,1,18,1,2,"2,4",2,2,2,2,rightscore_Trial_3
3.0,rightscore,,3,,,,2,19,1,4,"2,3,4",3,2,2,"1,4,7",rightscore_Trial_3
6.0,rightscore,,3,,,,1,19,1,3,"3,4",3,2,2,"1,4",rightscore_Trial_3
7.0,rightscore,,3,,,,1,23,1,4,"2,3,4",2,3,3,"1,2,4,5",rightscore_Trial_3
15.0,rightscore,,3,,,,2,21,2,1,"2,3,4",2,2,2,"1,4,5,8",rightscore_Trial_3
6.0,rightscore,,3,,,,1,29,1,4,3,2,2,2,"1,2,4",rightscore_Trial_3
6.0,rightscore,,3,,,,2,27,2,2,2,2,2,2,"4,8",rightscore_Trial_3
2.0,rightscore,,3,,,,2,18,1,4,"2,4",2,3,3,"4,8",rightscore_Trial_3
6.0,rightscore,,3,,,,2,24,1,3,"2,3,4",2,3,3,"1,4,5,7,8",rightscore_Trial_3
4.0,rightscore,,3,,,,2,22,1,4,"2,3,4",1,3,3,8,rightscore_Trial_3
15.0,rightscore,,3,,,,2,23,1,1,"2,3,4",1,3,3,"2,4,6",rightscore_Trial_3
5.0,rightscore,,3,,,,1,21,1,4,"2,4",2,2,2,4,rightscore_Trial_3
6.0,rightscore,,3,,,,2,22,1,2,1,1,2,3,"4,8",rightscore_Trial_3
6.0,rightscore,,3,,,,2,20,1,4,"2,4",2,3,2,"1,2,4,5,6,7,8",rightscore_Trial_3
8.0,rightscore,,3,,,,2,24,1,3,"2,3,4",1,3,2,"4,8",rightscore_Trial_3
5.0,rightscore,,3,,,,2,21,1,4,"2,3,4",3,2,3,"1,2,7",rightscore_Trial_3
15.0,leftscore,,1,,,,2,20,1,1,"2,3,4",1,2,3,"1,8",leftscore_Trial_1
15.0,leftscore,,1,,,,2,21,2,4,"2,3,4",2,2,3,"1,8",leftscore_Trial_1
11.0,leftscore,,1,,,,1,20,1,2,"2,4",2,2,2,"1,2,8",leftscore_Trial_1
15.0,leftscore,,1,,,,2,21,1,4,"2,3,4",2,2,2,"1,4",leftscore_Trial_1
8.0,leftscore,,1,,,,2,21,1,3,2,2,3,2,"4,8",leftscore_Trial_1
15.0,leftscore,,1,,,,2,21,1,4,"2,3,4",3,3,3,"1,4,5,8",leftscore_Trial_1
15.0,leftscore,,1,,,,3,21,2,1,"2,3,4",2,1,2,"1,8",leftscore_Trial_1
15.0,leftscore,,1,,,,2,19,1,4,"2,4",2,3,2,"2,4,5",leftscore_Trial_1
8.0,leftscore,,1,,,,1,20,1,2,4,2,3,2,4,leftscore_Trial_1
3.0,leftscore,,1,,,,2,23,1,3,"2,3,4",1,3,2,"1,4,8",leftscore_Trial_1
15.0,leftscore,,1,,,,2,19,1,4,2,2,3,3,"1,4,8",leftscore_Trial_1
15.0,leftscore,,1,,,,2,20,2,1,"2,4",1,3,2,"1,4,6,8",leftscore_Trial_1
15.0,leftscore,,1,,,,2,22,1,4,"2,3",1,2,3,"4,5",leftscore_Trial_1
9.0,leftscore,,1,,,,2,20,1,2,2,2,2,2,"2,4,8",leftscore_Trial_1
9.0,leftscore,,1,,,,2,25,1,2,"2,4",2,2,2,"2,4,6,7",leftscore_Trial_1
8.0,leftscore,,1,,,,2,20,1,2,2,2,2,2,"2,4,8",leftscore_Trial_1
8.0,leftscore,,1,,,,2,25,1,2,"2,4",2,2,2,"2,4,6,7",leftscore_Trial_1
14.0,leftscore,,1,,,,2,20,1,4,"2,4",1,3,2,"1,2,4,8",leftscore_Trial_1
6.0,leftscore,,1,,,,2,19,1,3,2,2,3,2,"2,4",leftscore_Trial_1
15.0,leftscore,,1,,,,2,22,1,4,2,2,2,2,"2,4,6,8",leftscore_Trial_1
15.0,leftscore,,1,,,,2,18,1,1,2,2,2,2,"4,8",leftscore_Trial_1
15.0,leftscore,,1,,,,2,19,1,4,2,1,3,2,"2,6,8",leftscore_Trial_1
12.0,leftscore,,1,,,,2,21,1,2,"2,4",2,2,2,1,leftscore_Trial_1
15.0,leftscore,,1,,,,2,19,2,4,2,1,2,3,"4,5,6",leftscore_Trial_1
6.0,leftscore,,1,,,,1,20,1,3,"2,4",2,2,2,4,leftscore_Trial_1
15.0,leftscore,,1,,,,2,18,1,4,2,2,2,2,4,leftscore_Trial_1
15.0,leftscore,,1,,,,1,21,1,1,"2,4",2,3,3,"1,4",leftscore_Trial_1
15.0,leftscore,,1,,,,2,24,1,4,2,1,1,2,,leftscore_Trial_1
11.0,leftscore,,1,,,,2,19,1,2,2,1,1,2,"4,7",leftscore_Trial_1
15.0,leftscore,,1,,,,3,19,1,4,"2,3,4",2,1,2,"1,2,6,7,8",leftscore_Trial_1
10.0,leftscore,,1,,,,2,22,1,3,"2,4",1,3,3,"4,6,8",leftscore_Trial_1
15.0,leftscore,,1,,,,1,22,1,4,"2,3,4",2,3,2,"1,4",leftscore_Trial_1
15.0,leftscore,,1,,,,2,25,1,1,4,2,3,2,"1,2,4",leftscore_Trial_1
15.0,leftscore,,1,,,,2,21,1,4,2,2,2,2,"4,8",leftscore_Trial_1
10.0,leftscore,,1,,,,2,22,1,2,"2,3,4",2,3,3,"1,2,4",leftscore_Trial_1
15.0,leftscore,,1,,,,2,19,2,4,"2,3,4",2,1,3,"1,2,4,5,6,7,8",leftscore_Trial_1
3.0,leftscore,,1,,,,2,20,1,3,"2,4",1,3,2,"4,5,8",leftscore_Trial_1
15.0,leftscore,,1,,,,2,21,1,4,"2,3,4",2,2,2,"2,4,8",leftscore_Trial_1
15.0,leftscore,,1,,,,1,30,1,1,"2,3,4",3,3,3,"1,2,4,5,6,7,8",leftscore_Trial_1
15.0,leftscore,,1,,,,1,22,1,4,"2,4",3,3,3,"1,2,4,5",leftscore_Trial_1
10.0,leftscore,,1,,,,1,18,1,2,"2,4",2,2,2,2,leftscore_Trial_1
15.0,leftscore,,1,,,,2,19,1,4,"2,3,4",3,2,2,"1,4,7",leftscore_Trial_1
7.0,leftscore,,1,,,,1,19,1,3,"3,4",3,2,2,"1,4",leftscore_Trial_1
15.0,leftscore,,1,,,,1,23,1,4,"2,3,4",2,3,3,"1,2,4,5",leftscore_Trial_1
15.0,leftscore,,1,,,,2,21,2,1,"2,3,4",2,2,2,"1,4,5,8",leftscore_Trial_1
15.0,leftscore,,1,,,,1,29,1,4,3,2,2,2,"1,2,4",leftscore_Trial_1
6.0,leftscore,,1,,,,2,27,2,2,2,2,2,2,"4,8",leftscore_Trial_1
15.0,leftscore,,1,,,,2,18,1,4,"2,4",2,3,3,"4,8",leftscore_Trial_1
6.0,leftscore,,1,,,,2,24,1,3,"2,3,4",2,3,3,"1,4,5,7,8",leftscore_Trial_1
15.0,leftscore,,1,,,,2,22,1,4,"2,3,4",1,3,3,8,leftscore_Trial_1
15.0,leftscore,,1,,,,2,23,1,1,"2,3,4",1,3,3,"2,4,6",leftscore_Trial_1
14.0,leftscore,,1,,,,1,21,1,4,"2,4",2,2,2,4,leftscore_Trial_1
9.0,leftscore,,1,,,,2,22,1,2,1,1,2,3,"4,8",leftscore_Trial_1
15.0,leftscore,,1,,,,2,20,1,4,"2,4",2,3,2,"1,2,4,5,6,7,8",leftscore_Trial_1
4.0,leftscore,,1,,,,2,24,1,3,"2,3,4",1,3,2,"4,8",leftscore_Trial_1
15.0,leftscore,,1,,,,2,21,1,4,"2,3,4",3,2,3,"1,2,7",leftscore_Trial_1
15.0,leftscore,,2,,,,2,20,1,1,"2,3,4",1,2,3,"1,8",leftscore_Trial_2
8.0,leftscore,,2,,,,2,21,2,4,"2,3,4",2,2,3,"1,8",leftscore_Trial_2
13.0,leftscore,,2,,,,1,20,1,2,"2,4",2,2,2,"1,2,8",leftscore_Trial_2
9.0,leftscore,,2,,,,2,21,1,4,"2,3,4",2,2,2,"1,4",leftscore_Trial_2
6.0,leftscore,,2,,,,2,21,1,3,2,2,3,2,"4,8",leftscore_Trial_2
10.0,leftscore,,2,,,,2,21,1,4,"2,3,4",3,3,3,"1,4,5,8",leftscore_Trial_2
15.0,leftscore,,2,,,,3,21,2,1,"2,3,4",2,1,2,"1,8",leftscore_Trial_2
7.0,leftscore,,2,,,,2,19,1,4,"2,4",2,3,2,"2,4,5",leftscore_Trial_2
8.0,leftscore,,2,,,,1,20,1,2,4,2,3,2,4,leftscore_Trial_2
6.0,leftscore,,2,,,,2,23,1,3,"2,3,4",1,3,2,"1,4,8",leftscore_Trial_2
6.0,leftscore,,2,,,,2,19,1,4,2,2,3,3,"1,4,8",leftscore_Trial_2
15.0,leftscore,,2,,,,2,20,2,1,"2,4",1,3,2,"1,4,6,8",leftscore_Trial_2
5.0,leftscore,,2,,,,2,22,1,4,"2,3",1,2,3,"4,5",leftscore_Trial_2
9.0,leftscore,,2,,,,2,20,1,2,2,2,2,2,"2,4,8",leftscore_Trial_2
9.0,leftscore,,2,,,,2,25,1,2,"2,4",2,2,2,"2,4,6,7",leftscore_Trial_2
6.0,leftscore,,2,,,,2,20,1,2,2,2,2,2,"2,4,8",leftscore_Trial_2
6.0,leftscore,,2,,,,2,25,1,2,"2,4",2,2,2,"2,4,6,7",leftscore_Trial_2
9.0,leftscore,,2,,,,2,20,1,4,"2,4",1,3,2,"1,2,4,8",leftscore_Trial_2
6.0,leftscore,,2,,,,2,19,1,3,2,2,3,2,"2,4",leftscore_Trial_2
9.0,leftscore,,2,,,,2,22,1,4,2,2,2,2,"2,4,6,8",leftscore_Trial_2
15.0,leftscore,,2,,,,2,18,1,1,2,2,2,2,"4,8",leftscore_Trial_2
12.0,leftscore,,2,,,,2,19,1,4,2,1,3,2,"2,6,8",leftscore_Trial_2
7.0,leftscore,,2,,,,2,21,1,2,"2,4",2,2,2,1,leftscore_Trial_2
5.0,leftscore,,2,,,,2,19,2,4,2,1,2,3,"4,5,6",leftscore_Trial_2
5.0,leftscore,,2,,,,1,20,1,3,"2,4",2,2,2,4,leftscore_Trial_2
9.0,leftscore,,2,,,,2,18,1,4,2,2,2,2,4,leftscore_Trial_2
15.0,leftscore,,2,,,,1,21,1,1,"2,4",2,3,3,"1,4",leftscore_Trial_2
7.0,leftscore,,2,,,,2,24,1,4,2,1,1,2,,leftscore_Trial_2
9.0,leftscore,,2,,,,2,19,1,2,2,1,1,2,"4,7",leftscore_Trial_2
8.0,leftscore,,2,,,,3,19,1,4,"2,3,4",2,1,2,"1,2,6,7,8",leftscore_Trial_2
5.0,leftscore,,2,,,,2,22,1,3,"2,4",1,3,3,"4,6,8",leftscore_Trial_2
9.0,leftscore,,2,,,,1,22,1,4,"2,3,4",2,3,2,"1,4",leftscore_Trial_2
15.0,leftscore,,2,,,,2,25,1,1,4,2,3,2,"1,2,4",leftscore_Trial_2
7.0,leftscore,,2,,,,2,21,1,4,2,2,2,2,"4,8",leftscore_Trial_2
10.0,leftscore,,2,,,,2,22,1,2,"2,3,4",2,3,3,"1,2,4",leftscore_Trial_2
4.0,leftscore,,2,,,,2,19,2,4,"2,3,4",2,1,3,"1,2,4,5,6,7,8",leftscore_Trial_2
6.0,leftscore,,2,,,,2,20,1,3,"2,4",1,3,2,"4,5,8",leftscore_Trial_2
11.0,leftscore,,2,,,,2,21,1,4,"2,3,4",2,2,2,"2,4,8",leftscore_Trial_2
15.0,leftscore,,2,,,,1,30,1,1,"2,3,4",3,3,3,"1,2,4,5,6,7,8",leftscore_Trial_2
8.0,leftscore,,2,,,,1,22,1,4,"2,4",3,3,3,"1,2,4,5",leftscore_Trial_2
11.0,leftscore,,2,,,,1,18,1,2,"2,4",2,2,2,2,leftscore_Trial_2
8.0,leftscore,,2,,,,2,19,1,4,"2,3,4",3,2,2,"1,4,7",leftscore_Trial_2
3.0,leftscore,,2,,,,1,19,1,3,"3,4",3,2,2,"1,4",leftscore_Trial_2
8.0,leftscore,,2,,,,1,23,1,4,"2,3,4",2,3,3,"1,2,4,5",leftscore_Trial_2
15.0,leftscore,,2,,,,2,21,2,1,"2,3,4",2,2,2,"1,4,5,8",leftscore_Trial_2
9.0,leftscore,,2,,,,1,29,1,4,3,2,2,2,"1,2,4",leftscore_Trial_2
8.0,leftscore,,2,,,,2,27,2,2,2,2,2,2,"4,8",leftscore_Trial_2
10.0,leftscore,,2,,,,2,18,1,4,"2,4",2,3,3,"4,8",leftscore_Trial_2
5.0,leftscore,,2,,,,2,24,1,3,"2,3,4",2,3,3,"1,4,5,7,8",leftscore_Trial_2
6.0,leftscore,,2,,,,2,22,1,4,"2,3,4",1,3,3,8,leftscore_Trial_2
15.0,leftscore,,2,,,,2,23,1,1,"2,3,4",1,3,3,"2,4,6",leftscore_Trial_2
4.0,leftscore,,2,,,,1,21,1,4,"2,4",2,2,2,4,leftscore_Trial_2
7.0,leftscore,,2,,,,2,22,1,2,1,1,2,3,"4,8",leftscore_Trial_2
5.0,leftscore,,2,,,,2,20,1,4,"2,4",2,3,2,"1,2,4,5,6,7,8",leftscore_Trial_2
7.0,leftscore,,2,,,,2,24,1,3,"2,3,4",1,3,2,"4,8",leftscore_Trial_2
11.0,leftscore,,2,,,,2,21,1,4,"2,3,4",3,2,3,"1,2,7",leftscore_Trial_2
15.0,leftscore,,3,,,,2,20,1,1,"2,3,4",1,2,3,"1,8",leftscore_Trial_3
3.0,leftscore,,3,,,,2,21,2,4,"2,3,4",2,2,3,"1,8",leftscore_Trial_3
11.0,leftscore,,3,,,,1,20,1,2,"2,4",2,2,2,"1,2,8",leftscore_Trial_3
4.0,leftscore,,3,,,,2,21,1,4,"2,3,4",2,2,2,"1,4",leftscore_Trial_3
10.0,leftscore,,3,,,,2,21,1,3,2,2,3,2,"4,8",leftscore_Trial_3
5.0,leftscore,,3,,,,2,21,1,4,"2,3,4",3,3,3,"1,4,5,8",leftscore_Trial_3
15.0,leftscore,,3,,,,3,21,2,1,"2,3,4",2,1,2,"1,8",leftscore_Trial_3
7.0,leftscore,,3,,,,2,19,1,4,"2,4",2,3,2,"2,4,5",leftscore_Trial_3
12.0,leftscore,,3,,,,1,20,1,2,4,2,3,2,4,leftscore_Trial_3
2.0,leftscore,,3,,,,2,23,1,3,"2,3,4",1,3,2,"1,4,8",leftscore_Trial_3
2.0,leftscore,,3,,,,2,19,1,4,2,2,3,3,"1,4,8",leftscore_Trial_3
15.0,leftscore,,3,,,,2,20,2,1,"2,4",1,3,2,"1,4,6,8",leftscore_Trial_3
5.0,leftscore,,3,,,,2,22,1,4,"2,3",1,2,3,"4,5",leftscore_Trial_3
10.0,leftscore,,3,,,,2,20,1,2,2,2,2,2,"2,4,8",leftscore_Trial_3
10.0,leftscore,,3,,,,2,25,1,2,"2,4",2,2,2,"2,4,6,7",leftscore_Trial_3
7.0,leftscore,,3,,,,2,20,1,2,2,2,2,2,"2,4,8",leftscore_Trial_3
7.0,leftscore,,3,,,,2,25,1,2,"2,4",2,2,2,"2,4,6,7",leftscore_Trial_3
2.0,leftscore,,3,,,,2,20,1,4,"2,4",1,3,2,"1,2,4,8",leftscore_Trial_3
5.0,leftscore,,3,,,,2,19,1,3,2,2,3,2,"2,4",leftscore_Trial_3
8.0,leftscore,,3,,,,2,22,1,4,2,2,2,2,"2,4,6,8",leftscore_Trial_3
15.0,leftscore,,3,,,,2,18,1,1,2,2,2,2,"4,8",leftscore_Trial_3
6.0,leftscore,,3,,,,2,19,1,4,2,1,3,2,"2,6,8",leftscore_Trial_3
10.0,leftscore,,3,,,,2,21,1,2,"2,4",2,2,2,1,leftscore_Trial_3
6.0,leftscore,,3,,,,2,19,2,4,2,1,2,3,"4,5,6",leftscore_Trial_3
7.0,leftscore,,3,,,,1,20,1,3,"2,4",2,2,2,4,leftscore_Trial_3
4.0,leftscore,,3,,,,2,18,1,4,2,2,2,2,4,leftscore_Trial_3
15.0,leftscore,,3,,,,1,21,1,1,"2,4",2,3,3,"1,4",leftscore_Trial_3
6.0,leftscore,,3,,,,2,24,1,4,2,1,1,2,,leftscore_Trial_3
10.0,leftscore,,3,,,,2,19,1,2,2,1,1,2,"4,7",leftscore_Trial_3
4.0,leftscore,,3,,,,3,19,1,4,"2,3,4",2,1,2,"1,2,6,7,8",leftscore_Trial_3
7.0,leftscore,,3,,,,2,22,1,3,"2,4",1,3,3,"4,6,8",leftscore_Trial_3
6.0,leftscore,,3,,,,1,22,1,4,"2,3,4",2,3,2,"1,4",leftscore_Trial_3
15.0,leftscore,,3,,,,2,25,1,1,4,2,3,2,"1,2,4",leftscore_Trial_3
3.0,leftscore,,3,,,,2,21,1,4,2,2,2,2,"4,8",leftscore_Trial_3
12.0,leftscore,,3,,,,2,22,1,2,"2,3,4",2,3,3,"1,2,4",leftscore_Trial_3
5.0,leftscore,,3,,,,2,19,2,4,"2,3,4",2,1,3,"1,2,4,5,6,7,8",leftscore_Trial_3
6.0,leftscore,,3,,,,2,20,1,3,"2,4",1,3,2,"4,5,8",leftscore_Trial_3
6.0,leftscore,,3,,,,2,21,1,4,"2,3,4",2,2,2,"2,4,8",leftscore_Trial_3
15.0,leftscore,,3,,,,1,30,1,1,"2,3,4",3,3,3,"1,2,4,5,6,7,8",leftscore_Trial_3
7.0,leftscore,,3,,,,1,22,1,4,"2,4",3,3,3,"1,2,4,5",leftscore_Trial_3
13.0,leftscore,,3,,,,1,18,1,2,"2,4",2,2,2,2,leftscore_Trial_3
5.0,leftscore,,3,,,,2,19,1,4,"2,3,4",3,2,2,"1,4,7",leftscore_Trial_3
6.0,leftscore,,3,,,,1,19,1,3,"3,4",3,2,2,"1,4",leftscore_Trial_3
3.0,leftscore,,3,,,,1,23,1,4,"2,3,4",2,3,3,"1,2,4,5",leftscore_Trial_3
15.0,leftscore,,3,,,,2,21,2,1,"2,3,4",2,2,2,"1,4,5,8",leftscore_Trial_3
6.0,leftscore,,3,,,,1,29,1,4,3,2,2,2,"1,2,4",leftscore_Trial_3
8.0,leftscore,,3,,,,2,27,2,2,2,2,2,2,"4,8",leftscore_Trial_3
3.0,leftscore,,3,,,,2,18,1,4,"2,4",2,3,3,"4,8",leftscore_Trial_3
6.0,leftscore,,3,,,,2,24,1,3,"2,3,4",2,3,3,"1,4,5,7,8",leftscore_Trial_3
3.0,leftscore,,3,,,,2,22,1,4,"2,3,4",1,3,3,8,leftscore_Trial_3
15.0,leftscore,,3,,,,2,23,1,1,"2,3,4",1,3,3,"2,4,6",leftscore_Trial_3
5.0,leftscore,,3,,,,1,21,1,4,"2,4",2,2,2,4,leftscore_Trial_3
12.0,leftscore,,3,,,,2,22,1,2,1,1,2,3,"4,8",leftscore_Trial_3
3.0,leftscore,,3,,,,2,20,1,4,"2,4",2,3,2,"1,2,4,5,6,7,8",leftscore_Trial_3
1.0,leftscore,,3,,,,2,24,1,3,"2,3,4",1,3,2,"4,8",leftscore_Trial_3
10.0,leftscore,,3,,,,2,21,1,4,"2,3,4",3,2,3,"1,2,7",leftscore_Trial_3
25.9,rightgrip,,1,,,,2,20,1,1,"2,3,4",1,2,3,"1,8",rightgrip_Trial_1
17.5,rightgrip,,1,,,,2,21,2,4,"2,3,4",2,2,3,"1,8",rightgrip_Trial_1
57.0,rightgrip,,1,,,,1,20,1,2,"2,4",2,2,2,"1,2,8",rightgrip_Trial_1
27.9,rightgrip,,1,,,,2,21,1,4,"2,3,4",2,2,2,"1,4",rightgrip_Trial_1
27.9,rightgrip,,1,,,,2,21,1,3,2,2,3,2,"4,8",rightgrip_Trial_1
27.9,rightgrip,,1,,,,2,21,1,4,"2,3,4",3,3,3,"1,4,5,8",rightgrip_Trial_1
18.8,rightgrip,,1,,,,3,21,2,1,"2,3,4",2,1,2,"1,8",rightgrip_Trial_1
37.7,rightgrip,,1,,,,2,19,1,4,"2,4",2,3,2,"2,4,5",rightgrip_Trial_1
50.2,rightgrip,,1,,,,1,20,1,2,4,2,3,2,4,rightgrip_Trial_1
32.8,rightgrip,,1,,,,2,23,1,3,"2,3,4",1,3,2,"1,4,8",rightgrip_Trial_1
30.3,rightgrip,,1,,,,2,19,1,4,2,2,3,3,"1,4,8",rightgrip_Trial_1
30.0,rightgrip,,1,,,,2,20,2,1,"2,4",1,3,2,"1,4,6,8",rightgrip_Trial_1
28.5,rightgrip,,1,,,,2,22,1,4,"2,3",1,2,3,"4,5",rightgrip_Trial_1
24.6,rightgrip,,1,,,,2,20,1,2,2,2,2,2,"2,4,8",rightgrip_Trial_1
24.6,rightgrip,,1,,,,2,25,1,2,"2,4",2,2,2,"2,4,6,7",rightgrip_Trial_1
24.8,rightgrip,,1,,,,2,20,1,2,2,2,2,2,"2,4,8",rightgrip_Trial_1
24.8,rightgrip,,1,,,,2,25,1,2,"2,4",2,2,2,"2,4,6,7",rightgrip_Trial_1
31.3,rightgrip,,1,,,,2,20,1,4,"2,4",1,3,2,"1,2,4,8",rightgrip_Trial_1
29.7,rightgrip,,1,,,,2,19,1,3,2,2,3,2,"2,4",rightgrip_Trial_1
27.9,rightgrip,,1,,,,2,22,1,4,2,2,2,2,"2,4,6,8",rightgrip_Trial_1
25.5,rightgrip,,1,,,,2,18,1,1,2,2,2,2,"4,8",rightgrip_Trial_1
26.0,rightgrip,,1,,,,2,19,1,4,2,1,3,2,"2,6,8",rightgrip_Trial_1
32.5,rightgrip,,1,,,,2,21,1,2,"2,4",2,2,2,1,rightgrip_Trial_1
28.2,rightgrip,,1,,,,2,19,2,4,2,1,2,3,"4,5,6",rightgrip_Trial_1
32.7,rightgrip,,1,,,,1,20,1,3,"2,4",2,2,2,4,rightgrip_Trial_1
23.1,rightgrip,,1,,,,2,18,1,4,2,2,2,2,4,rightgrip_Trial_1
36.1,rightgrip,,1,,,,1,21,1,1,"2,4",2,3,3,"1,4",rightgrip_Trial_1
18.5,rightgrip,,1,,,,2,24,1,4,2,1,1,2,,rightgrip_Trial_1
29.8,rightgrip,,1,,,,2,19,1,2,2,1,1,2,"4,7",rightgrip_Trial_1
19.9,rightgrip,,1,,,,3,19,1,4,"2,3,4",2,1,2,"1,2,6,7,8",rightgrip_Trial_1
37.7,rightgrip,,1,,,,2,22,1,3,"2,4",1,3,3,"4,6,8",rightgrip_Trial_1
57.8,rightgrip,,1,,,,1,22,1,4,"2,3,4",2,3,2,"1,4",rightgrip_Trial_1
25.1,rightgrip,,1,,,,2,25,1,1,4,2,3,2,"1,2,4",rightgrip_Trial_1
25.6,rightgrip,,1,,,,2,21,1,4,2,2,2,2,"4,8",rightgrip_Trial_1
27.7,rightgrip,,1,,,,2,22,1,2,"2,3,4",2,3,3,"1,2,4",rightgrip_Trial_1
16.1,rightgrip,,1,,,,2,19,2,4,"2,3,4",2,1,3,"1,2,4,5,6,7,8",rightgrip_Trial_1
29.0,rightgrip,,1,,,,2,20,1,3,"2,4",1,3,2,"4,5,8",rightgrip_Trial_1
35.2,rightgrip,,1,,,,2,21,1,4,"2,3,4",2,2,2,"2,4,8",rightgrip_Trial_1
51.1,rightgrip,,1,,,,1,30,1,1,"2,3,4",3,3,3,"1,2,4,5,6,7,8",rightgrip_Trial_1
59.3,rightgrip,,1,,,,1,22,1,4,"2,4",3,3,3,"1,2,4,5",rightgrip_Trial_1
52.7,rightgrip,,1,,,,1,18,1,2,"2,4",2,2,2,2,rightgrip_Trial_1
23.0,rightgrip,,1,,,,2,19,1,4,"2,3,4",3,2,2,"1,4,7",rightgrip_Trial_1
26.1,rightgrip,,1,,,,1,19,1,3,"3,4",3,2,2,"1,4",rightgrip_Trial_1
36.2,rightgrip,,1,,,,1,23,1,4,"2,3,4",2,3,3,"1,2,4,5",rightgrip_Trial_1
30.0,rightgrip,,1,,,,2,21,2,1,"2,3,4",2,2,2,"1,4,5,8",rightgrip_Trial_1
52.3,rightgrip,,1,,,,1,29,1,4,3,2,2,2,"1,2,4",rightgrip_Trial_1
20.8,rightgrip,,1,,,,2,27,2,2,2,2,2,2,"4,8",rightgrip_Trial_1
24.4,rightgrip,,1,,,,2,18,1,4,"2,4",2,3,3,"4,8",rightgrip_Trial_1
28.8,rightgrip,,1,,,,2,24,1,3,"2,3,4",2,3,3,"1,4,5,7,8",rightgrip_Trial_1
22.4,rightgrip,,1,,,,2,22,1,4,"2,3,4",1,3,3,8,rightgrip_Trial_1
34.4,rightgrip,,1,,,,2,23,1,1,"2,3,4",1,3,3,"2,4,6",rightgrip_Trial_1
26.8,rightgrip,,1,,,,1,21,1,4,"2,4",2,2,2,4,rightgrip_Trial_1
32.2,rightgrip,,1,,,,2,22,1,2,1,1,2,3,"4,8",rightgrip_Trial_1
32.9,rightgrip,,1,,,,2,20,1,4,"2,4",2,3,2,"1,2,4,5,6,7,8",rightgrip_Trial_1
29.3,rightgrip,,1,,,,2,24,1,3,"2,3,4",1,3,2,"4,8",rightgrip_Trial_1
27.4,rightgrip,,1,,,,2,21,1,4,"2,3,4",3,2,3,"1,2,7",rightgrip_Trial_1
25.8,leftgrip,,1,,,,2,20,1,1,"2,3,4",1,2,3,"1,8",leftgrip_Trial_1
27.6,leftgrip,,1,,,,2,21,2,4,"2,3,4",2,2,3,"1,8",leftgrip_Trial_1
50.4,leftgrip,,1,,,,1,20,1,2,"2,4",2,2,2,"1,2,8",leftgrip_Trial_1
26.9,leftgrip,,1,,,,2,21,1,4,"2,3,4",2,2,2,"1,4",leftgrip_Trial_1
28.0,leftgrip,,1,,,,2,21,1,3,2,2,3,2,"4,8",leftgrip_Trial_1
24.9,leftgrip,,1,,,,2,21,1,4,"2,3,4",3,3,3,"1,4,5,8",leftgrip_Trial_1
20.3,leftgrip,,1,,,,3,21,2,1,"2,3,4",2,1,2,"1,8",leftgrip_Trial_1
30.3,leftgrip,,1,,,,2,19,1,4,"2,4",2,3,2,"2,4,5",leftgrip_Trial_1
49.6,leftgrip,,1,,,,1,20,1,2,4,2,3,2,4,leftgrip_Trial_1
35.9,leftgrip,,1,,,,2,23,1,3,"2,3,4",1,3,2,"1,4,8",leftgrip_Trial_1
26.5,leftgrip,,1,,,,2,19,1,4,2,2,3,3,"1,4,8",leftgrip_Trial_1
26.2,leftgrip,,1,,,,2,20,2,1,"2,4",1,3,2,"1,4,6,8",leftgrip_Trial_1
25.5,leftgrip,,1,,,,2,22,1,4,"2,3",1,2,3,"4,5",leftgrip_Trial_1
22.5,leftgrip,,1,,,,2,20,1,2,2,2,2,2,"2,4,8",leftgrip_Trial_1
22.5,leftgrip,,1,,,,2,25,1,2,"2,4",2,2,2,"2,4,6,7",leftgrip_Trial_1
18.9,leftgrip,,1,,,,2,20,1,2,2,2,2,2,"2,4,8",leftgrip_Trial_1
18.9,leftgrip,,1,,,,2,25,1,2,"2,4",2,2,2,"2,4,6,7",leftgrip_Trial_1
29.9,leftgrip,,1,,,,2,20,1,4,"2,4",1,3,2,"1,2,4,8",leftgrip_Trial_1
27.4,leftgrip,,1,,,,2,19,1,3,2,2,3,2,"2,4",leftgrip_Trial_1
31.4,leftgrip,,1,,,,2,22,1,4,2,2,2,2,"2,4,6,8",leftgrip_Trial_1
15.9,leftgrip,,1,,,,2,18,1,1,2,2,2,2,"4,8",leftgrip_Trial_1
24.9,leftgrip,,1,,,,2,19,1,4,2,1,3,2,"2,6,8",leftgrip_Trial_1
28.6,leftgrip,,1,,,,2,21,1,2,"2,4",2,2,2,1,leftgrip_Trial_1
26.6,leftgrip,,1,,,,2,19,2,4,2,1,2,3,"4,5,6",leftgrip_Trial_1
30.4,leftgrip,,1,,,,1,20,1,3,"2,4",2,2,2,4,leftgrip_Trial_1
20.0,leftgrip,,1,,,,2,18,1,4,2,2,2,2,4,leftgrip_Trial_1
33.6,leftgrip,,1,,,,1,21,1,1,"2,4",2,3,3,"1,4",leftgrip_Trial_1
19.8,leftgrip,,1,,,,2,24,1,4,2,1,1,2,,leftgrip_Trial_1
24.5,leftgrip,,1,,,,2,19,1,2,2,1,1,2,"4,7",leftgrip_Trial_1
22.0,leftgrip,,1,,,,3,19,1,4,"2,3,4",2,1,2,"1,2,6,7,8",leftgrip_Trial_1
26.9,leftgrip,,1,,,,2,22,1,3,"2,4",1,3,3,"4,6,8",leftgrip_Trial_1
48.1,leftgrip,,1,,,,1,22,1,4,"2,3,4",2,3,2,"1,4",leftgrip_Trial_1
24.5,leftgrip,,1,,,,2,25,1,1,4,2,3,2,"1,2,4",leftgrip_Trial_1
21.2,leftgrip,,1,,,,2,21,1,4,2,2,2,2,"4,8",leftgrip_Trial_1
23.2,leftgrip,,1,,,,2,22,1,2,"2,3,4",2,3,3,"1,2,4",leftgrip_Trial_1
21.5,leftgrip,,1,,,,2,19,2,4,"2,3,4",2,1,3,"1,2,4,5,6,7,8",leftgrip_Trial_1
25.9,leftgrip,,1,,,,2,20,1,3,"2,4",1,3,2,"4,5,8",leftgrip_Trial_1
30.0,leftgrip,,1,,,,2,21,1,4,"2,3,4",2,2,2,"2,4,8",leftgrip_Trial_1
45.3,leftgrip,,1,,,,1,30,1,1,"2,3,4",3,3,3,"1,2,4,5,6,7,8",leftgrip_Trial_1
55.9,leftgrip,,1,,,,1,22,1,4,"2,4",3,3,3,"1,2,4,5",leftgrip_Trial_1
47.0,leftgrip,,1,,,,1,18,1,2,"2,4",2,2,2,2,leftgrip_Trial_1
20.2,leftgrip,,1,,,,2,19,1,4,"2,3,4",3,2,2,"1,4,7",leftgrip_Trial_1
23.2,leftgrip,,1,,,,1,19,1,3,"3,4",3,2,2,"1,4",leftgrip_Trial_1
44.8,leftgrip,,1,,,,1,23,1,4,"2,3,4",2,3,3,"1,2,4,5",leftgrip_Trial_1
29.0,leftgrip,,1,,,,2,21,2,1,"2,3,4",2,2,2,"1,4,5,8",leftgrip_Trial_1
45.1,leftgrip,,1,,,,1,29,1,4,3,2,2,2,"1,2,4",leftgrip_Trial_1
19.8,leftgrip,,1,,,,2,27,2,2,2,2,2,2,"4,8",leftgrip_Trial_1
25.4,leftgrip,,1,,,,2,18,1,4,"2,4",2,3,3,"4,8",leftgrip_Trial_1
30.3,leftgrip,,1,,,,2,24,1,3,"2,3,4",2,3,3,"1,4,5,7,8",leftgrip_Trial_1
21.7,leftgrip,,1,,,,2,22,1,4,"2,3,4",1,3,3,8,leftgrip_Trial_1
30.4,leftgrip,,1,,,,2,23,1,1,"2,3,4",1,3,3,"2,4,6",leftgrip_Trial_1
26.5,leftgrip,,1,,,,1,21,1,4,"2,4",2,2,2,4,leftgrip_Trial_1
28.0,leftgrip,,1,,,,2,22,1,2,1,1,2,3,"4,8",leftgrip_Trial_1
32.6,leftgrip,,1,,,,2,20,1,4,"2,4",2,3,2,"1,2,4,5,6,7,8",leftgrip_Trial_1
26.0,leftgrip,,1,,,,2,24,1,3,"2,3,4",1,3,2,"4,8",leftgrip_Trial_1
23.1,leftgrip,,1,,,,2,21,1,4,"2,3,4",3,2,3,"1,2,7",leftgrip_Trial_1
24.0,rightgrip,,2,,,,2,20,1,1,"2,3,4",1,2,3,"1,8",rightgrip_Trial_2
21.0,rightgrip,,2,,,,2,21,2,4,"2,3,4",2,2,3,"1,8",rightgrip_Trial_2
57.7,rightgrip,,2,,,,1,20,1,2,"2,4",2,2,2,"1,2,8",rightgrip_Trial_2
29.5,rightgrip,,2,,,,2,21,1,4,"2,3,4",2,2,2,"1,4",rightgrip_Trial_2
31.3,rightgrip,,2,,,,2,21,1,3,2,2,3,2,"4,8",rightgrip_Trial_2
33.4,rightgrip,,2,,,,2,21,1,4,"2,3,4",3,3,3,"1,4,5,8",rightgrip_Trial_2
18.8,rightgrip,,2,,,,3,21,2,1,"2,3,4",2,1,2,"1,8",rightgrip_Trial_2
34.3,rightgrip,,2,,,,2,19,1,4,"2,4",2,3,2,"2,4,5",rightgrip_Trial_2
54.9,rightgrip,,2,,,,1,20,1,2,4,2,3,2,4,rightgrip_Trial_2
31.1,rightgrip,,2,,,,2,23,1,3,"2,3,4",1,3,2,"1,4,8",rightgrip_Trial_2
33.1,rightgrip,,2,,,,2,19,1,4,2,2,3,3,"1,4,8",rightgrip_Trial_2
29.5,rightgrip,,2,,,,2,20,2,1,"2,4",1,3,2,"1,4,6,8",rightgrip_Trial_2
28.5,rightgrip,,2,,,,2,22,1,4,"2,3",1,2,3,"4,5",rightgrip_Trial_2
25.9,rightgrip,,2,,,,2,20,1,2,2,2,2,2,"2,4,8",rightgrip_Trial_2
25.9,rightgrip,,2,,,,2,25,1,2,"2,4",2,2,2,"2,4,6,7",rightgrip_Trial_2
28.5,rightgrip,,2,,,,2,20,1,2,2,2,2,2,"2,4,8",rightgrip_Trial_2
28.5,rightgrip,,2,,,,2,25,1,2,"2,4",2,2,2,"2,4,6,7",rightgrip_Trial_2
32.9,rightgrip,,2,,,,2,20,1,4,"2,4",1,3,2,"1,2,4,8",rightgrip_Trial_2
31.3,rightgrip,,2,,,,2,19,1,3,2,2,3,2,"2,4",rightgrip_Trial_2
30.1,rightgrip,,2,,,,2,22,1,4,2,2,2,2,"2,4,6,8",rightgrip_Trial_2
20.8,rightgrip,,2,,,,2,18,1,1,2,2,2,2,"4,8",rightgrip_Trial_2
27.1,rightgrip,,2,,,,2,19,1,4,2,1,3,2,"2,6,8",rightgrip_Trial_2
35.7,rightgrip,,2,,,,2,21,1,2,"2,4",2,2,2,1,rightgrip_Trial_2
25.8,rightgrip,,2,,,,2,19,2,4,2,1,2,3,"4,5,6",rightgrip_Trial_2
37.1,rightgrip,,2,,,,1,20,1,3,"2,4",2,2,2,4,rightgrip_Trial_2
24.8,rightgrip,,2,,,,2,18,1,4,2,2,2,2,4,rightgrip_Trial_2
39.5,rightgrip,,2,,,,1,21,1,1,"2,4",2,3,3,"1,4",rightgrip_Trial_2
18.1,rightgrip,,2,,,,2,24,1,4,2,1,1,2,,rightgrip_Trial_2
30.2,rightgrip,,2,,,,2,19,1,2,2,1,1,2,"4,7",rightgrip_Trial_2
22.8,rightgrip,,2,,,,3,19,1,4,"2,3,4",2,1,2,"1,2,6,7,8",rightgrip_Trial_2
35.5,rightgrip,,2,,,,2,22,1,3,"2,4",1,3,3,"4,6,8",rightgrip_Trial_2
67.6,rightgrip,,2,,,,1,22,1,4,"2,3,4",2,3,2,"1,4",rightgrip_Trial_2
26.3,rightgrip,,2,,,,2,25,1,1,4,2,3,2,"1,2,4",rightgrip_Trial_2
26.8,rightgrip,,2,,,,2,21,1,4,2,2,2,2,"4,8",rightgrip_Trial_2
28.2,rightgrip,,2,,,,2,22,1,2,"2,3,4",2,3,3,"1,2,4",rightgrip_Trial_2
16.3,rightgrip,,2,,,,2,19,2,4,"2,3,4",2,1,3,"1,2,4,5,6,7,8",rightgrip_Trial_2
27.6,rightgrip,,2,,,,2,20,1,3,"2,4",1,3,2,"4,5,8",rightgrip_Trial_2
36.1,rightgrip,,2,,,,2,21,1,4,"2,3,4",2,2,2,"2,4,8",rightgrip_Trial_2
47.2,rightgrip,,2,,,,1,30,1,1,"2,3,4",3,3,3,"1,2,4,5,6,7,8",rightgrip_Trial_2
54.6,rightgrip,,2,,,,1,22,1,4,"2,4",3,3,3,"1,2,4,5",rightgrip_Trial_2
55.6,rightgrip,,2,,,,1,18,1,2,"2,4",2,2,2,2,rightgrip_Trial_2
21.8,rightgrip,,2,,,,2,19,1,4,"2,3,4",3,2,2,"1,4,7",rightgrip_Trial_2
30.2,rightgrip,,2,,,,1,19,1,3,"3,4",3,2,2,"1,4",rightgrip_Trial_2
39.1,rightgrip,,2,,,,1,23,1,4,"2,3,4",2,3,3,"1,2,4,5",rightgrip_Trial_2
30.9,rightgrip,,2,,,,2,21,2,1,"2,3,4",2,2,2,"1,4,5,8",rightgrip_Trial_2
53.2,rightgrip,,2,,,,1,29,1,4,3,2,2,2,"1,2,4",rightgrip_Trial_2
21.7,rightgrip,,2,,,,2,27,2,2,2,2,2,2,"4,8",rightgrip_Trial_2
25.1,rightgrip,,2,,,,2,18,1,4,"2,4",2,3,3,"4,8",rightgrip_Trial_2
32.3,rightgrip,,2,,,,2,24,1,3,"2,3,4",2,3,3,"1,4,5,7,8",rightgrip_Trial_2
23.6,rightgrip,,2,,,,2,22,1,4,"2,3,4",1,3,3,8,rightgrip_Trial_2
37.2,rightgrip,,2,,,,2,23,1,1,"2,3,4",1,3,3,"2,4,6",rightgrip_Trial_2
29.0,rightgrip,,2,,,,1,21,1,4,"2,4",2,2,2,4,rightgrip_Trial_2
45.0,rightgrip,,2,,,,2,22,1,2,1,1,2,3,"4,8",rightgrip_Trial_2
30.9,rightgrip,,2,,,,2,20,1,4,"2,4",2,3,2,"1,2,4,5,6,7,8",rightgrip_Trial_2
27.0,rightgrip,,2,,,,2,24,1,3,"2,3,4",1,3,2,"4,8",rightgrip_Trial_2
28.1,rightgrip,,2,,,,2,21,1,4,"2,3,4",3,2,3,"1,2,7",rightgrip_Trial_2
20.6,leftgrip,,2,,,,2,20,1,1,"2,3,4",1,2,3,"1,8",leftgrip_Trial_2
27.1,leftgrip,,2,,,,2,21,2,4,"2,3,4",2,2,3,"1,8",leftgrip_Trial_2
51.4,leftgrip,,2,,,,1,20,1,2,"2,4",2,2,2,"1,2,8",leftgrip_Trial_2
28.2,leftgrip,,2,,,,2,21,1,4,"2,3,4",2,2,2,"1,4",leftgrip_Trial_2
27.9,leftgrip,,2,,,,2,21,1,3,2,2,3,2,"4,8",leftgrip_Trial_2
29.9,leftgrip,,2,,,,2,21,1,4,"2,3,4",3,3,3,"1,4,5,8",leftgrip_Trial_2
25.7,leftgrip,,2,,,,3,21,2,1,"2,3,4",2,1,2,"1,8",leftgrip_Trial_2
32.6,leftgrip,,2,,,,2,19,1,4,"2,4",2,3,2,"2,4,5",leftgrip_Trial_2
51.2,leftgrip,,2,,,,1,20,1,2,4,2,3,2,4,leftgrip_Trial_2
37.7,leftgrip,,2,,,,2,23,1,3,"2,3,4",1,3,2,"1,4,8",leftgrip_Trial_2
28.6,leftgrip,,2,,,,2,19,1,4,2,2,3,3,"1,4,8",leftgrip_Trial_2
26.6,leftgrip,,2,,,,2,20,2,1,"2,4",1,3,2,"1,4,6,8",leftgrip_Trial_2
27.3,leftgrip,,2,,,,2,22,1,4,"2,3",1,2,3,"4,5",leftgrip_Trial_2
24.0,leftgrip,,2,,,,2,20,1,2,2,2,2,2,"2,4,8",leftgrip_Trial_2
24.0,leftgrip,,2,,,,2,25,1,2,"2,4",2,2,2,"2,4,6,7",leftgrip_Trial_2
15.9,leftgrip,,2,,,,2,20,1,2,2,2,2,2,"2,4,8",leftgrip_Trial_2
15.9,leftgrip,,2,,,,2,25,1,2,"2,4",2,2,2,"2,4,6,7",leftgrip_Trial_2
30.6,leftgrip,,2,,,,2,20,1,4,"2,4",1,3,2,"1,2,4,8",leftgrip_Trial_2
29.3,leftgrip,,2,,,,2,19,1,3,2,2,3,2,"2,4",leftgrip_Trial_2
29.0,leftgrip,,2,,,,2,22,1,4,2,2,2,2,"2,4,6,8",leftgrip_Trial_2
18.2,leftgrip,,2,,,,2,18,1,1,2,2,2,2,"4,8",leftgrip_Trial_2
23.2,leftgrip,,2,,,,2,19,1,4,2,1,3,2,"2,6,8",leftgrip_Trial_2
31.0,leftgrip,,2,,,,2,21,1,2,"2,4",2,2,2,1,leftgrip_Trial_2
26.4,leftgrip,,2,,,,2,19,2,4,2,1,2,3,"4,5,6",leftgrip_Trial_2
28.1,leftgrip,,2,,,,1,20,1,3,"2,4",2,2,2,4,leftgrip_Trial_2
21.4,leftgrip,,2,,,,2,18,1,4,2,2,2,2,4,leftgrip_Trial_2
36.1,leftgrip,,2,,,,1,21,1,1,"2,4",2,3,3,"1,4",leftgrip_Trial_2
17.0,leftgrip,,2,,,,2,24,1,4,2,1,1,2,,leftgrip_Trial_2
27.6,leftgrip,,2,,,,2,19,1,2,2,1,1,2,"4,7",leftgrip_Trial_2
22.3,leftgrip,,2,,,,3,19,1,4,"2,3,4",2,1,2,"1,2,6,7,8",leftgrip_Trial_2
34.3,leftgrip,,2,,,,2,22,1,3,"2,4",1,3,3,"4,6,8",leftgrip_Trial_2
57.7,leftgrip,,2,,,,1,22,1,4,"2,3,4",2,3,2,"1,4",leftgrip_Trial_2
25.6,leftgrip,,2,,,,2,25,1,1,4,2,3,2,"1,2,4",leftgrip_Trial_2
24.5,leftgrip,,2,,,,2,21,1,4,2,2,2,2,"4,8",leftgrip_Trial_2
28.4,leftgrip,,2,,,,2,22,1,2,"2,3,4",2,3,3,"1,2,4",leftgrip_Trial_2
19.7,leftgrip,,2,,,,2,19,2,4,"2,3,4",2,1,3,"1,2,4,5,6,7,8",leftgrip_Trial_2
23.8,leftgrip,,2,,,,2,20,1,3,"2,4",1,3,2,"4,5,8",leftgrip_Trial_2
34.4,leftgrip,,2,,,,2,21,1,4,"2,3,4",2,2,2,"2,4,8",leftgrip_Trial_2
33.0,leftgrip,,2,,,,1,30,1,1,"2,3,4",3,3,3,"1,2,4,5,6,7,8",leftgrip_Trial_2
57.8,leftgrip,,2,,,,1,22,1,4,"2,4",3,3,3,"1,2,4,5",leftgrip_Trial_2
50.3,leftgrip,,2,,,,1,18,1,2,"2,4",2,2,2,2,leftgrip_Trial_2
17.6,leftgrip,,2,,,,2,19,1,4,"2,3,4",3,2,2,"1,4,7",leftgrip_Trial_2
26.9,leftgrip,,2,,,,1,19,1,3,"3,4",3,2,2,"1,4",leftgrip_Trial_2
43.1,leftgrip,,2,,,,1,23,1,4,"2,3,4",2,3,3,"1,2,4,5",leftgrip_Trial_2
31.8,leftgrip,,2,,,,2,21,2,1,"2,3,4",2,2,2,"1,4,5,8",leftgrip_Trial_2
44.9,leftgrip,,2,,,,1,29,1,4,3,2,2,2,"1,2,4",leftgrip_Trial_2
20.1,leftgrip,,2,,,,2,27,2,2,2,2,2,2,"4,8",leftgrip_Trial_2
25.1,leftgrip,,2,,,,2,18,1,4,"2,4",2,3,3,"4,8",leftgrip_Trial_2
26.5,leftgrip,,2,,,,2,24,1,3,"2,3,4",2,3,3,"1,4,5,7,8",leftgrip_Trial_2
22.3,leftgrip,,2,,,,2,22,1,4,"2,3,4",1,3,3,8,leftgrip_Trial_2
33.6,leftgrip,,2,,,,2,23,1,1,"2,3,4",1,3,3,"2,4,6",leftgrip_Trial_2
29.2,leftgrip,,2,,,,1,21,1,4,"2,4",2,2,2,4,leftgrip_Trial_2
39.6,leftgrip,,2,,,,2,22,1,2,1,1,2,3,"4,8",leftgrip_Trial_2
32.9,leftgrip,,2,,,,2,20,1,4,"2,4",2,3,2,"1,2,4,5,6,7,8",leftgrip_Trial_2
30.1,leftgrip,,2,,,,2,24,1,3,"2,3,4",1,3,2,"4,8",leftgrip_Trial_2
25.8,leftgrip,,2,,,,2,21,1,4,"2,3,4",3,2,3,"1,2,7",leftgrip_Trial_2
1.0,,,,nasatlx,,1,2,20,1,1,"2,3,4",1,2,3,"1,8",nasatlx_1
4.0,,,,nasatlx,,1,2,21,2,4,"2,3,4",2,2,3,"1,8",nasatlx_1
2.0,,,,nasatlx,,1,1,20,1,2,"2,4",2,2,2,"1,2,8",nasatlx_1
1.0,,,,nasatlx,,1,2,21,1,4,"2,3,4",2,2,2,"1,4",nasatlx_1
2.0,,,,nasatlx,,1,2,21,1,3,2,2,3,2,"4,8",nasatlx_1
1.0,,,,nasatlx,,1,2,21,1,4,"2,3,4",3,3,3,"1,4,5,8",nasatlx_1
3.0,,,,nasatlx,,1,3,21,2,1,"2,3,4",2,1,2,"1,8",nasatlx_1
8.0,,,,nasatlx,,1,2,19,1,4,"2,4",2,3,2,"2,4,5",nasatlx_1
5.0,,,,nasatlx,,1,1,20,1,2,4,2,3,2,4,nasatlx_1
16.0,,,,nasatlx,,1,2,23,1,3,"2,3,4",1,3,2,"1,4,8",nasatlx_1
1.0,,,,nasatlx,,1,2,19,1,4,2,2,3,3,"1,4,8",nasatlx_1
0.0,,,,nasatlx,,1,2,20,2,1,"2,4",1,3,2,"1,4,6,8",nasatlx_1
14.0,,,,nasatlx,,1,2,22,1,4,"2,3",1,2,3,"4,5",nasatlx_1
0.0,,,,nasatlx,,1,2,20,1,2,2,2,2,2,"2,4,8",nasatlx_1
0.0,,,,nasatlx,,1,2,25,1,2,"2,4",2,2,2,"2,4,6,7",nasatlx_1
1.0,,,,nasatlx,,1,2,20,1,2,2,2,2,2,"2,4,8",nasatlx_1
1.0,,,,nasatlx,,1,2,25,1,2,"2,4",2,2,2,"2,4,6,7",nasatlx_1
8.0,,,,nasatlx,,1,2,20,1,4,"2,4",1,3,2,"1,2,4,8",nasatlx_1
3.0,,,,nasatlx,,1,2,19,1,3,2,2,3,2,"2,4",nasatlx_1
0.0,,,,nasatlx,,1,2,22,1,4,2,2,2,2,"2,4,6,8",nasatlx_1
2.0,,,,nasatlx,,1,2,18,1,1,2,2,2,2,"4,8",nasatlx_1
5.0,,,,nasatlx,,1,2,19,1,4,2,1,3,2,"2,6,8",nasatlx_1
12.0,,,,nasatlx,,1,2,21,1,2,"2,4",2,2,2,1,nasatlx_1
1.0,,,,nasatlx,,1,2,19,2,4,2,1,2,3,"4,5,6",nasatlx_1
1.0,,,,nasatlx,,1,1,20,1,3,"2,4",2,2,2,4,nasatlx_1
4.0,,,,nasatlx,,1,2,18,1,4,2,2,2,2,4,nasatlx_1
1.0,,,,nasatlx,,1,1,21,1,1,"2,4",2,3,3,"1,4",nasatlx_1
1.0,,,,nasatlx,,1,2,24,1,4,2,1,1,2,,nasatlx_1
2.0,,,,nasatlx,,1,2,19,1,2,2,1,1,2,"4,7",nasatlx_1
14.0,,,,nasatlx,,1,3,19,1,4,"2,3,4",2,1,2,"1,2,6,7,8",nasatlx_1
3.0,,,,nasatlx,,1,2,22,1,3,"2,4",1,3,3,"4,6,8",nasatlx_1
4.0,,,,nasatlx,,1,1,22,1,4,"2,3,4",2,3,2,"1,4",nasatlx_1
4.0,,,,nasatlx,,1,2,25,1,1,4,2,3,2,"1,2,4",nasatlx_1
1.0,,,,nasatlx,,1,2,21,1,4,2,2,2,2,"4,8",nasatlx_1
4.0,,,,nasatlx,,1,2,22,1,2,"2,3,4",2,3,3,"1,2,4",nasatlx_1
0.0,,,,nasatlx,,1,2,19,2,4,"2,3,4",2,1,3,"1,2,4,5,6,7,8",nasatlx_1
3.0,,,,nasatlx,,1,2,20,1,3,"2,4",1,3,2,"4,5,8",nasatlx_1
0.0,,,,nasatlx,,1,2,21,1,4,"2,3,4",2,2,2,"2,4,8",nasatlx_1
0.0,,,,nasatlx,,1,1,30,1,1,"2,3,4",3,3,3,"1,2,4,5,6,7,8",nasatlx_1
1.0,,,,nasatlx,,1,1,22,1,4,"2,4",3,3,3,"1,2,4,5",nasatlx_1
2.0,,,,nasatlx,,1,1,18,1,2,"2,4",2,2,2,2,nasatlx_1
2.0,,,,nasatlx,,1,2,19,1,4,"2,3,4",3,2,2,"1,4,7",nasatlx_1
1.0,,,,nasatlx,,1,1,19,1,3,"3,4",3,2,2,"1,4",nasatlx_1
1.0,,,,nasatlx,,1,1,23,1,4,"2,3,4",2,3,3,"1,2,4,5",nasatlx_1
1.0,,,,nasatlx,,1,2,21,2,1,"2,3,4",2,2,2,"1,4,5,8",nasatlx_1
5.0,,,,nasatlx,,1,1,29,1,4,3,2,2,2,"1,2,4",nasatlx_1
4.0,,,,nasatlx,,1,2,27,2,2,2,2,2,2,"4,8",nasatlx_1
6.0,,,,nasatlx,,1,2,18,1,4,"2,4",2,3,3,"4,8",nasatlx_1
2.0,,,,nasatlx,,1,2,24,1,3,"2,3,4",2,3,3,"1,4,5,7,8",nasatlx_1
13.0,,,,nasatlx,,1,2,22,1,4,"2,3,4",1,3,3,8,nasatlx_1
4.0,,,,nasatlx,,1,2,23,1,1,"2,3,4",1,3,3,"2,4,6",nasatlx_1
16.0,,,,nasatlx,,1,1,21,1,4,"2,4",2,2,2,4,nasatlx_1
0.0,,,,nasatlx,,1,2,22,1,2,1,1,2,3,"4,8",nasatlx_1
3.0,,,,nasatlx,,1,2,20,1,4,"2,4",2,3,2,"1,2,4,5,6,7,8",nasatlx_1
15.0,,,,nasatlx,,1,2,24,1,3,"2,3,4",1,3,2,"4,8",nasatlx_1
7.0,,,,nasatlx,,1,2,21,1,4,"2,3,4",3,2,3,"1,2,7",nasatlx_1
15.0,,,,nasatlx,,2,2,20,1,1,"2,3,4",1,2,3,"1,8",nasatlx_2
11.0,,,,nasatlx,,2,2,21,2,4,"2,3,4",2,2,3,"1,8",nasatlx_2
7.0,,,,nasatlx,,2,1,20,1,2,"2,4",2,2,2,"1,2,8",nasatlx_2
5.0,,,,nasatlx,,2,2,21,1,4,"2,3,4",2,2,2,"1,4",nasatlx_2
8.0,,,,nasatlx,,2,2,21,1,3,2,2,3,2,"4,8",nasatlx_2
13.0,,,,nasatlx,,2,2,21,1,4,"2,3,4",3,3,3,"1,4,5,8",nasatlx_2
11.0,,,,nasatlx,,2,3,21,2,1,"2,3,4",2,1,2,"1,8",nasatlx_2
12.0,,,,nasatlx,,2,2,19,1,4,"2,4",2,3,2,"2,4,5",nasatlx_2
5.0,,,,nasatlx,,2,1,20,1,2,4,2,3,2,4,nasatlx_2
19.0,,,,nasatlx,,2,2,23,1,3,"2,3,4",1,3,2,"1,4,8",nasatlx_2
9.0,,,,nasatlx,,2,2,19,1,4,2,2,3,3,"1,4,8",nasatlx_2
4.0,,,,nasatlx,,2,2,20,2,1,"2,4",1,3,2,"1,4,6,8",nasatlx_2
9.0,,,,nasatlx,,2,2,22,1,4,"2,3",1,2,3,"4,5",nasatlx_2
3.0,,,,nasatlx,,2,2,20,1,2,2,2,2,2,"2,4,8",nasatlx_2
3.0,,,,nasatlx,,2,2,25,1,2,"2,4",2,2,2,"2,4,6,7",nasatlx_2
4.0,,,,nasatlx,,2,2,20,1,2,2,2,2,2,"2,4,8",nasatlx_2
4.0,,,,nasatlx,,2,2,25,1,2,"2,4",2,2,2,"2,4,6,7",nasatlx_2
4.0,,,,nasatlx,,2,2,20,1,4,"2,4",1,3,2,"1,2,4,8",nasatlx_2
6.0,,,,nasatlx,,2,2,19,1,3,2,2,3,2,"2,4",nasatlx_2
0.0,,,,nasatlx,,2,2,22,1,4,2,2,2,2,"2,4,6,8",nasatlx_2
7.0,,,,nasatlx,,2,2,18,1,1,2,2,2,2,"4,8",nasatlx_2
7.0,,,,nasatlx,,2,2,19,1,4,2,1,3,2,"2,6,8",nasatlx_2
14.0,,,,nasatlx,,2,2,21,1,2,"2,4",2,2,2,1,nasatlx_2
1.0,,,,nasatlx,,2,2,19,2,4,2,1,2,3,"4,5,6",nasatlx_2
8.0,,,,nasatlx,,2,1,20,1,3,"2,4",2,2,2,4,nasatlx_2
4.0,,,,nasatlx,,2,2,18,1,4,2,2,2,2,4,nasatlx_2
8.0,,,,nasatlx,,2,1,21,1,1,"2,4",2,3,3,"1,4",nasatlx_2
1.0,,,,nasatlx,,2,2,24,1,4,2,1,1,2,,nasatlx_2
8.0,,,,nasatlx,,2,2,19,1,2,2,1,1,2,"4,7",nasatlx_2
4.0,,,,nasatlx,,2,3,19,1,4,"2,3,4",2,1,2,"1,2,6,7,8",nasatlx_2
8.0,,,,nasatlx,,2,2,22,1,3,"2,4",1,3,3,"4,6,8",nasatlx_2
4.0,,,,nasatlx,,2,1,22,1,4,"2,3,4",2,3,2,"1,4",nasatlx_2
8.0,,,,nasatlx,,2,2,25,1,1,4,2,3,2,"1,2,4",nasatlx_2
1.0,,,,nasatlx,,2,2,21,1,4,2,2,2,2,"4,8",nasatlx_2
4.0,,,,nasatlx,,2,2,22,1,2,"2,3,4",2,3,3,"1,2,4",nasatlx_2
5.0,,,,nasatlx,,2,2,19,2,4,"2,3,4",2,1,3,"1,2,4,5,6,7,8",nasatlx_2
7.0,,,,nasatlx,,2,2,20,1,3,"2,4",1,3,2,"4,5,8",nasatlx_2
2.0,,,,nasatlx,,2,2,21,1,4,"2,3,4",2,2,2,"2,4,8",nasatlx_2
1.0,,,,nasatlx,,2,1,30,1,1,"2,3,4",3,3,3,"1,2,4,5,6,7,8",nasatlx_2
9.0,,,,nasatlx,,2,1,22,1,4,"2,4",3,3,3,"1,2,4,5",nasatlx_2
6.0,,,,nasatlx,,2,1,18,1,2,"2,4",2,2,2,2,nasatlx_2
6.0,,,,nasatlx,,2,2,19,1,4,"2,3,4",3,2,2,"1,4,7",nasatlx_2
9.0,,,,nasatlx,,2,1,19,1,3,"3,4",3,2,2,"1,4",nasatlx_2
1.0,,,,nasatlx,,2,1,23,1,4,"2,3,4",2,3,3,"1,2,4,5",nasatlx_2
2.0,,,,nasatlx,,2,2,21,2,1,"2,3,4",2,2,2,"1,4,5,8",nasatlx_2
6.0,,,,nasatlx,,2,1,29,1,4,3,2,2,2,"1,2,4",nasatlx_2
7.0,,,,nasatlx,,2,2,27,2,2,2,2,2,2,"4,8",nasatlx_2
9.0,,,,nasatlx,,2,2,18,1,4,"2,4",2,3,3,"4,8",nasatlx_2
2.0,,,,nasatlx,,2,2,24,1,3,"2,3,4",2,3,3,"1,4,5,7,8",nasatlx_2
17.0,,,,nasatlx,,2,2,22,1,4,"2,3,4",1,3,3,8,nasatlx_2
9.0,,,,nasatlx,,2,2,23,1,1,"2,3,4",1,3,3,"2,4,6",nasatlx_2
5.0,,,,nasatlx,,2,1,21,1,4,"2,4",2,2,2,4,nasatlx_2
0.0,,,,nasatlx,,2,2,22,1,2,1,1,2,3,"4,8",nasatlx_2
7.0,,,,nasatlx,,2,2,20,1,4,"2,4",2,3,2,"1,2,4,5,6,7,8",nasatlx_2
12.0,,,,nasatlx,,2,2,24,1,3,"2,3,4",1,3,2,"4,8",nasatlx_2
15.0,,,,nasatlx,,2,2,21,1,4,"2,3,4",3,2,3,"1,2,7",nasatlx_2
5.0,,,,nasatlx,,3,2,20,1,1,"2,3,4",1,2,3,"1,8",nasatlx_3
3.0,,,,nasatlx,,3,2,21,2,4,"2,3,4",2,2,3,"1,8",nasatlx_3
7.0,,,,nasatlx,,3,1,20,1,2,"2,4",2,2,2,"1,2,8",nasatlx_3
1.0,,,,nasatlx,,3,2,21,1,4,"2,3,4",2,2,2,"1,4",nasatlx_3
6.0,,,,nasatlx,,3,2,21,1,3,2,2,3,2,"4,8",nasatlx_3
5.0,,,,nasatlx,,3,2,21,1,4,"2,3,4",3,3,3,"1,4,5,8",nasatlx_3
3.0,,,,nasatlx,,3,3,21,2,1,"2,3,4",2,1,2,"1,8",nasatlx_3
2.0,,,,nasatlx,,3,2,19,1,4,"2,4",2,3,2,"2,4,5",nasatlx_3
1.0,,,,nasatlx,,3,1,20,1,2,4,2,3,2,4,nasatlx_3
3.0,,,,nasatlx,,3,2,23,1,3,"2,3,4",1,3,2,"1,4,8",nasatlx_3
1.0,,,,nasatlx,,3,2,19,1,4,2,2,3,3,"1,4,8",nasatlx_3
1.0,,,,nasatlx,,3,2,20,2,1,"2,4",1,3,2,"1,4,6,8",nasatlx_3
3.0,,,,nasatlx,,3,2,22,1,4,"2,3",1,2,3,"4,5",nasatlx_3
1.0,,,,nasatlx,,3,2,20,1,2,2,2,2,2,"2,4,8",nasatlx_3
1.0,,,,nasatlx,,3,2,25,1,2,"2,4",2,2,2,"2,4,6,7",nasatlx_3
1.0,,,,nasatlx,,3,2,20,1,2,2,2,2,2,"2,4,8",nasatlx_3
1.0,,,,nasatlx,,3,2,25,1,2,"2,4",2,2,2,"2,4,6,7",nasatlx_3
11.0,,,,nasatlx,,3,2,20,1,4,"2,4",1,3,2,"1,2,4,8",nasatlx_3
5.0,,,,nasatlx,,3,2,19,1,3,2,2,3,2,"2,4",nasatlx_3
1.0,,,,nasatlx,,3,2,22,1,4,2,2,2,2,"2,4,6,8",nasatlx_3
2.0,,,,nasatlx,,3,2,18,1,1,2,2,2,2,"4,8",nasatlx_3
16.0,,,,nasatlx,,3,2,19,1,4,2,1,3,2,"2,6,8",nasatlx_3
7.0,,,,nasatlx,,3,2,21,1,2,"2,4",2,2,2,1,nasatlx_3
1.0,,,,nasatlx,,3,2,19,2,4,2,1,2,3,"4,5,6",nasatlx_3
3.0,,,,nasatlx,,3,1,20,1,3,"2,4",2,2,2,4,nasatlx_3
9.0,,,,nasatlx,,3,2,18,1,4,2,2,2,2,4,nasatlx_3
1.0,,,,nasatlx,,3,1,21,1,1,"2,4",2,3,3,"1,4",nasatlx_3
3.0,,,,nasatlx,,3,2,24,1,4,2,1,1,2,,nasatlx_3
7.0,,,,nasatlx,,3,2,19,1,2,2,1,1,2,"4,7",nasatlx_3
9.0,,,,nasatlx,,3,3,19,1,4,"2,3,4",2,1,2,"1,2,6,7,8",nasatlx_3
1.0,,,,nasatlx,,3,2,22,1,3,"2,4",1,3,3,"4,6,8",nasatlx_3
6.0,,,,nasatlx,,3,1,22,1,4,"2,3,4",2,3,2,"1,4",nasatlx_3
1.0,,,,nasatlx,,3,2,25,1,1,4,2,3,2,"1,2,4",nasatlx_3
3.0,,,,nasatlx,,3,2,21,1,4,2,2,2,2,"4,8",nasatlx_3
15.0,,,,nasatlx,,3,2,22,1,2,"2,3,4",2,3,3,"1,2,4",nasatlx_3
2.0,,,,nasatlx,,3,2,19,2,4,"2,3,4",2,1,3,"1,2,4,5,6,7,8",nasatlx_3
0.0,,,,nasatlx,,3,2,20,1,3,"2,4",1,3,2,"4,5,8",nasatlx_3
0.0,,,,nasatlx,,3,2,21,1,4,"2,3,4",2,2,2,"2,4,8",nasatlx_3
0.0,,,,nasatlx,,3,1,30,1,1,"2,3,4",3,3,3,"1,2,4,5,6,7,8",nasatlx_3
8.0,,,,nasatlx,,3,1,22,1,4,"2,4",3,3,3,"1,2,4,5",nasatlx_3
2.0,,,,nasatlx,,3,1,18,1,2,"2,4",2,2,2,2,nasatlx_3
6.0,,,,nasatlx,,3,2,19,1,4,"2,3,4",3,2,2,"1,4,7",nasatlx_3
1.0,,,,nasatlx,,3,1,19,1,3,"3,4",3,2,2,"1,4",nasatlx_3
9.0,,,,nasatlx,,3,1,23,1,4,"2,3,4",2,3,3,"1,2,4,5",nasatlx_3
1.0,,,,nasatlx,,3,2,21,2,1,"2,3,4",2,2,2,"1,4,5,8",nasatlx_3
4.0,,,,nasatlx,,3,1,29,1,4,3,2,2,2,"1,2,4",nasatlx_3
9.0,,,,nasatlx,,3,2,27,2,2,2,2,2,2,"4,8",nasatlx_3
13.0,,,,nasatlx,,3,2,18,1,4,"2,4",2,3,3,"4,8",nasatlx_3
2.0,,,,nasatlx,,3,2,24,1,3,"2,3,4",2,3,3,"1,4,5,7,8",nasatlx_3
1.0,,,,nasatlx,,3,2,22,1,4,"2,3,4",1,3,3,8,nasatlx_3
3.0,,,,nasatlx,,3,2,23,1,1,"2,3,4",1,3,3,"2,4,6",nasatlx_3
9.0,,,,nasatlx,,3,1,21,1,4,"2,4",2,2,2,4,nasatlx_3
0.0,,,,nasatlx,,3,2,22,1,2,1,1,2,3,"4,8",nasatlx_3
9.0,,,,nasatlx,,3,2,20,1,4,"2,4",2,3,2,"1,2,4,5,6,7,8",nasatlx_3
3.0,,,,nasatlx,,3,2,24,1,3,"2,3,4",1,3,2,"4,8",nasatlx_3
3.0,,,,nasatlx,,3,2,21,1,4,"2,3,4",3,2,3,"1,2,7",nasatlx_3
18.0,,,,nasatlx,,4,2,20,1,1,"2,3,4",1,2,3,"1,8",nasatlx_4
9.0,,,,nasatlx,,4,2,21,2,4,"2,3,4",2,2,3,"1,8",nasatlx_4
14.0,,,,nasatlx,,4,1,20,1,2,"2,4",2,2,2,"1,2,8",nasatlx_4
11.0,,,,nasatlx,,4,2,21,1,4,"2,3,4",2,2,2,"1,4",nasatlx_4
12.0,,,,nasatlx,,4,2,21,1,3,2,2,3,2,"4,8",nasatlx_4
14.0,,,,nasatlx,,4,2,21,1,4,"2,3,4",3,3,3,"1,4,5,8",nasatlx_4
19.0,,,,nasatlx,,4,3,21,2,1,"2,3,4",2,1,2,"1,8",nasatlx_4
14.0,,,,nasatlx,,4,2,19,1,4,"2,4",2,3,2,"2,4,5",nasatlx_4
17.0,,,,nasatlx,,4,1,20,1,2,4,2,3,2,4,nasatlx_4
1.0,,,,nasatlx,,4,2,23,1,3,"2,3,4",1,3,2,"1,4,8",nasatlx_4
12.0,,,,nasatlx,,4,2,19,1,4,2,2,3,3,"1,4,8",nasatlx_4
20.0,,,,nasatlx,,4,2,20,2,1,"2,4",1,3,2,"1,4,6,8",nasatlx_4
7.0,,,,nasatlx,,4,2,22,1,4,"2,3",1,2,3,"4,5",nasatlx_4
13.0,,,,nasatlx,,4,2,20,1,2,2,2,2,2,"2,4,8",nasatlx_4
13.0,,,,nasatlx,,4,2,25,1,2,"2,4",2,2,2,"2,4,6,7",nasatlx_4
12.0,,,,nasatlx,,4,2,20,1,2,2,2,2,2,"2,4,8",nasatlx_4
12.0,,,,nasatlx,,4,2,25,1,2,"2,4",2,2,2,"2,4,6,7",nasatlx_4
4.0,,,,nasatlx,,4,2,20,1,4,"2,4",1,3,2,"1,2,4,8",nasatlx_4
5.0,,,,nasatlx,,4,2,19,1,3,2,2,3,2,"2,4",nasatlx_4
16.0,,,,nasatlx,,4,2,22,1,4,2,2,2,2,"2,4,6,8",nasatlx_4
13.0,,,,nasatlx,,4,2,18,1,1,2,2,2,2,"4,8",nasatlx_4
11.0,,,,nasatlx,,4,2,19,1,4,2,1,3,2,"2,6,8",nasatlx_4
7.0,,,,nasatlx,,4,2,21,1,2,"2,4",2,2,2,1,nasatlx_4
13.0,,,,nasatlx,,4,2,19,2,4,2,1,2,3,"4,5,6",nasatlx_4
8.0,,,,nasatlx,,4,1,20,1,3,"2,4",2,2,2,4,nasatlx_4
18.0,,,,nasatlx,,4,2,18,1,4,2,2,2,2,4,nasatlx_4
21.0,,,,nasatlx,,4,1,21,1,1,"2,4",2,3,3,"1,4",nasatlx_4
5.0,,,,nasatlx,,4,2,24,1,4,2,1,1,2,,nasatlx_4
12.0,,,,nasatlx,,4,2,19,1,2,2,1,1,2,"4,7",nasatlx_4
6.0,,,,nasatlx,,4,3,19,1,4,"2,3,4",2,1,2,"1,2,6,7,8",nasatlx_4
8.0,,,,nasatlx,,4,2,22,1,3,"2,4",1,3,3,"4,6,8",nasatlx_4
14.0,,,,nasatlx,,4,1,22,1,4,"2,3,4",2,3,2,"1,4",nasatlx_4
14.0,,,,nasatlx,,4,2,25,1,1,4,2,3,2,"1,2,4",nasatlx_4
7.0,,,,nasatlx,,4,2,21,1,4,2,2,2,2,"4,8",nasatlx_4
11.0,,,,nasatlx,,4,2,22,1,2,"2,3,4",2,3,3,"1,2,4",nasatlx_4
2.0,,,,nasatlx,,4,2,19,2,4,"2,3,4",2,1,3,"1,2,4,5,6,7,8",nasatlx_4
11.0,,,,nasatlx,,4,2,20,1,3,"2,4",1,3,2,"4,5,8",nasatlx_4
15.0,,,,nasatlx,,4,2,21,1,4,"2,3,4",2,2,2,"2,4,8",nasatlx_4
19.0,,,,nasatlx,,4,1,30,1,1,"2,3,4",3,3,3,"1,2,4,5,6,7,8",nasatlx_4
12.0,,,,nasatlx,,4,1,22,1,4,"2,4",3,3,3,"1,2,4,5",nasatlx_4
15.0,,,,nasatlx,,4,1,18,1,2,"2,4",2,2,2,2,nasatlx_4
6.0,,,,nasatlx,,4,2,19,1,4,"2,3,4",3,2,2,"1,4,7",nasatlx_4
13.0,,,,nasatlx,,4,1,19,1,3,"3,4",3,2,2,"1,4",nasatlx_4
8.0,,,,nasatlx,,4,1,23,1,4,"2,3,4",2,3,3,"1,2,4,5",nasatlx_4
16.0,,,,nasatlx,,4,2,21,2,1,"2,3,4",2,2,2,"1,4,5,8",nasatlx_4
7.0,,,,nasatlx,,4,1,29,1,4,3,2,2,2,"1,2,4",nasatlx_4
6.0,,,,nasatlx,,4,2,27,2,2,2,2,2,2,"4,8",nasatlx_4
8.0,,,,nasatlx,,4,2,18,1,4,"2,4",2,3,3,"4,8",nasatlx_4
3.0,,,,nasatlx,,4,2,24,1,3,"2,3,4",2,3,3,"1,4,5,7,8",nasatlx_4
3.0,,,,nasatlx,,4,2,22,1,4,"2,3,4",1,3,3,8,nasatlx_4
21.0,,,,nasatlx,,4,2,23,1,1,"2,3,4",1,3,3,"2,4,6",nasatlx_4
11.0,,,,nasatlx,,4,1,21,1,4,"2,4",2,2,2,4,nasatlx_4
21.0,,,,nasatlx,,4,2,22,1,2,1,1,2,3,"4,8",nasatlx_4
14.0,,,,nasatlx,,4,2,20,1,4,"2,4",2,3,2,"1,2,4,5,6,7,8",nasatlx_4
3.0,,,,nasatlx,,4,2,24,1,3,"2,3,4",1,3,2,"4,8",nasatlx_4
9.0,,,,nasatlx,,4,2,21,1,4,"2,3,4",3,2,3,"1,2,7",nasatlx_4
15.0,,,,nasatlx,,5,2,20,1,1,"2,3,4",1,2,3,"1,8",nasatlx_5
7.0,,,,nasatlx,,5,2,21,2,4,"2,3,4",2,2,3,"1,8",nasatlx_5
9.0,,,,nasatlx,,5,1,20,1,2,"2,4",2,2,2,"1,2,8",nasatlx_5
7.0,,,,nasatlx,,5,2,21,1,4,"2,3,4",2,2,2,"1,4",nasatlx_5
15.0,,,,nasatlx,,5,2,21,1,3,2,2,3,2,"4,8",nasatlx_5
15.0,,,,nasatlx,,5,2,21,1,4,"2,3,4",3,3,3,"1,4,5,8",nasatlx_5
11.0,,,,nasatlx,,5,3,21,2,1,"2,3,4",2,1,2,"1,8",nasatlx_5
11.0,,,,nasatlx,,5,2,19,1,4,"2,4",2,3,2,"2,4,5",nasatlx_5
12.0,,,,nasatlx,,5,1,20,1,2,4,2,3,2,4,nasatlx_5
19.0,,,,nasatlx,,5,2,23,1,3,"2,3,4",1,3,2,"1,4,8",nasatlx_5
14.0,,,,nasatlx,,5,2,19,1,4,2,2,3,3,"1,4,8",nasatlx_5
4.0,,,,nasatlx,,5,2,20,2,1,"2,4",1,3,2,"1,4,6,8",nasatlx_5
9.0,,,,nasatlx,,5,2,22,1,4,"2,3",1,2,3,"4,5",nasatlx_5
8.0,,,,nasatlx,,5,2,20,1,2,2,2,2,2,"2,4,8",nasatlx_5
8.0,,,,nasatlx,,5,2,25,1,2,"2,4",2,2,2,"2,4,6,7",nasatlx_5
3.0,,,,nasatlx,,5,2,20,1,2,2,2,2,2,"2,4,8",nasatlx_5
3.0,,,,nasatlx,,5,2,25,1,2,"2,4",2,2,2,"2,4,6,7",nasatlx_5
4.0,,,,nasatlx,,5,2,20,1,4,"2,4",1,3,2,"1,2,4,8",nasatlx_5
8.0,,,,nasatlx,,5,2,19,1,3,2,2,3,2,"2,4",nasatlx_5
4.0,,,,nasatlx,,5,2,22,1,4,2,2,2,2,"2,4,6,8",nasatlx_5
11.0,,,,nasatlx,,5,2,18,1,1,2,2,2,2,"4,8",nasatlx_5
11.0,,,,nasatlx,,5,2,19,1,4,2,1,3,2,"2,6,8",nasatlx_5
14.0,,,,nasatlx,,5,2,21,1,2,"2,4",2,2,2,1,nasatlx_5
5.0,,,,nasatlx,,5,2,19,2,4,2,1,2,3,"4,5,6",nasatlx_5
8.0,,,,nasatlx,,5,1,20,1,3,"2,4",2,2,2,4,nasatlx_5
6.0,,,,nasatlx,,5,2,18,1,4,2,2,2,2,4,nasatlx_5
5.0,,,,nasatlx,,5,1,21,1,1,"2,4",2,3,3,"1,4",nasatlx_5
6.0,,,,nasatlx,,5,2,24,1,4,2,1,1,2,,nasatlx_5
9.0,,,,nasatlx,,5,2,19,1,2,2,1,1,2,"4,7",nasatlx_5
17.0,,,,nasatlx,,5,3,19,1,4,"2,3,4",2,1,2,"1,2,6,7,8",nasatlx_5
12.0,,,,nasatlx,,5,2,22,1,3,"2,4",1,3,3,"4,6,8",nasatlx_5
8.0,,,,nasatlx,,5,1,22,1,4,"2,3,4",2,3,2,"1,4",nasatlx_5
8.0,,,,nasatlx,,5,2,25,1,1,4,2,3,2,"1,2,4",nasatlx_5
2.0,,,,nasatlx,,5,2,21,1,4,2,2,2,2,"4,8",nasatlx_5
7.0,,,,nasatlx,,5,2,22,1,2,"2,3,4",2,3,3,"1,2,4",nasatlx_5
4.0,,,,nasatlx,,5,2,19,2,4,"2,3,4",2,1,3,"1,2,4,5,6,7,8",nasatlx_5
1.0,,,,nasatlx,,5,2,20,1,3,"2,4",1,3,2,"4,5,8",nasatlx_5
3.0,,,,nasatlx,,5,2,21,1,4,"2,3,4",2,2,2,"2,4,8",nasatlx_5
2.0,,,,nasatlx,,5,1,30,1,1,"2,3,4",3,3,3,"1,2,4,5,6,7,8",nasatlx_5
1.0,,,,nasatlx,,5,1,22,1,4,"2,4",3,3,3,"1,2,4,5",nasatlx_5
5.0,,,,nasatlx,,5,1,18,1,2,"2,4",2,2,2,2,nasatlx_5
8.0,,,,nasatlx,,5,2,19,1,4,"2,3,4",3,2,2,"1,4,7",nasatlx_5
9.0,,,,nasatlx,,5,1,19,1,3,"3,4",3,2,2,"1,4",nasatlx_5
1.0,,,,nasatlx,,5,1,23,1,4,"2,3,4",2,3,3,"1,2,4,5",nasatlx_5
1.0,,,,nasatlx,,5,2,21,2,1,"2,3,4",2,2,2,"1,4,5,8",nasatlx_5
5.0,,,,nasatlx,,5,1,29,1,4,3,2,2,2,"1,2,4",nasatlx_5
9.0,,,,nasatlx,,5,2,27,2,2,2,2,2,2,"4,8",nasatlx_5
15.0,,,,nasatlx,,5,2,18,1,4,"2,4",2,3,3,"4,8",nasatlx_5
2.0,,,,nasatlx,,5,2,24,1,3,"2,3,4",2,3,3,"1,4,5,7,8",nasatlx_5
18.0,,,,nasatlx,,5,2,22,1,4,"2,3,4",1,3,3,8,nasatlx_5
12.0,,,,nasatlx,,5,2,23,1,1,"2,3,4",1,3,3,"2,4,6",nasatlx_5
16.0,,,,nasatlx,,5,1,21,1,4,"2,4",2,2,2,4,nasatlx_5
0.0,,,,nasatlx,,5,2,22,1,2,1,1,2,3,"4,8",nasatlx_5
11.0,,,,nasatlx,,5,2,20,1,4,"2,4",2,3,2,"1,2,4,5,6,7,8",nasatlx_5
13.0,,,,nasatlx,,5,2,24,1,3,"2,3,4",1,3,2,"4,8",nasatlx_5
14.0,,,,nasatlx,,5,2,21,1,4,"2,3,4",3,2,3,"1,2,7",nasatlx_5
1.0,,,,nasatlx,,6,2,20,1,1,"2,3,4",1,2,3,"1,8",nasatlx_6
5.0,,,,nasatlx,,6,2,21,2,4,"2,3,4",2,2,3,"1,8",nasatlx_6
3.0,,,,nasatlx,,6,1,20,1,2,"2,4",2,2,2,"1,2,8",nasatlx_6
1.0,,,,nasatlx,,6,2,21,1,4,"2,3,4",2,2,2,"1,4",nasatlx_6
0.0,,,,nasatlx,,6,2,21,1,3,2,2,3,2,"4,8",nasatlx_6
3.0,,,,nasatlx,,6,2,21,1,4,"2,3,4",3,3,3,"1,4,5,8",nasatlx_6
5.0,,,,nasatlx,,6,3,21,2,1,"2,3,4",2,1,2,"1,8",nasatlx_6
2.0,,,,nasatlx,,6,2,19,1,4,"2,4",2,3,2,"2,4,5",nasatlx_6
5.0,,,,nasatlx,,6,1,20,1,2,4,2,3,2,4,nasatlx_6
18.0,,,,nasatlx,,6,2,23,1,3,"2,3,4",1,3,2,"1,4,8",nasatlx_6
1.0,,,,nasatlx,,6,2,19,1,4,2,2,3,3,"1,4,8",nasatlx_6
0.0,,,,nasatlx,,6,2,20,2,1,"2,4",1,3,2,"1,4,6,8",nasatlx_6
4.0,,,,nasatlx,,6,2,22,1,4,"2,3",1,2,3,"4,5",nasatlx_6
3.0,,,,nasatlx,,6,2,20,1,2,2,2,2,2,"2,4,8",nasatlx_6
3.0,,,,nasatlx,,6,2,25,1,2,"2,4",2,2,2,"2,4,6,7",nasatlx_6
6.0,,,,nasatlx,,6,2,20,1,2,2,2,2,2,"2,4,8",nasatlx_6
6.0,,,,nasatlx,,6,2,25,1,2,"2,4",2,2,2,"2,4,6,7",nasatlx_6
13.0,,,,nasatlx,,6,2,20,1,4,"2,4",1,3,2,"1,2,4,8",nasatlx_6
6.0,,,,nasatlx,,6,2,19,1,3,2,2,3,2,"2,4",nasatlx_6
3.0,,,,nasatlx,,6,2,22,1,4,2,2,2,2,"2,4,6,8",nasatlx_6
12.0,,,,nasatlx,,6,2,18,1,1,2,2,2,2,"4,8",nasatlx_6
8.0,,,,nasatlx,,6,2,19,1,4,2,1,3,2,"2,6,8",nasatlx_6
2.0,,,,nasatlx,,6,2,21,1,2,"2,4",2,2,2,1,nasatlx_6
1.0,,,,nasatlx,,6,2,19,2,4,2,1,2,3,"4,5,6",nasatlx_6
1.0,,,,nasatlx,,6,1,20,1,3,"2,4",2,2,2,4,nasatlx_6
1.0,,,,nasatlx,,6,2,18,1,4,2,2,2,2,4,nasatlx_6
0.0,,,,nasatlx,,6,1,21,1,1,"2,4",2,3,3,"1,4",nasatlx_6
5.0,,,,nasatlx,,6,2,24,1,4,2,1,1,2,,nasatlx_6
4.0,,,,nasatlx,,6,2,19,1,2,2,1,1,2,"4,7",nasatlx_6
13.0,,,,nasatlx,,6,3,19,1,4,"2,3,4",2,1,2,"1,2,6,7,8",nasatlx_6
1.0,,,,nasatlx,,6,2,22,1,3,"2,4",1,3,3,"4,6,8",nasatlx_6
4.0,,,,nasatlx,,6,1,22,1,4,"2,3,4",2,3,2,"1,4",nasatlx_6
0.0,,,,nasatlx,,6,2,25,1,1,4,2,3,2,"1,2,4",nasatlx_6
1.0,,,,nasatlx,,6,2,21,1,4,2,2,2,2,"4,8",nasatlx_6
11.0,,,,nasatlx,,6,2,22,1,2,"2,3,4",2,3,3,"1,2,4",nasatlx_6
4.0,,,,nasatlx,,6,2,19,2,4,"2,3,4",2,1,3,"1,2,4,5,6,7,8",nasatlx_6
1.0,,,,nasatlx,,6,2,20,1,3,"2,4",1,3,2,"4,5,8",nasatlx_6
0.0,,,,nasatlx,,6,2,21,1,4,"2,3,4",2,2,2,"2,4,8",nasatlx_6
0.0,,,,nasatlx,,6,1,30,1,1,"2,3,4",3,3,3,"1,2,4,5,6,7,8",nasatlx_6
7.0,,,,nasatlx,,6,1,22,1,4,"2,4",3,3,3,"1,2,4,5",nasatlx_6
1.0,,,,nasatlx,,6,1,18,1,2,"2,4",2,2,2,2,nasatlx_6
1.0,,,,nasatlx,,6,2,19,1,4,"2,3,4",3,2,2,"1,4,7",nasatlx_6
1.0,,,,nasatlx,,6,1,19,1,3,"3,4",3,2,2,"1,4",nasatlx_6
1.0,,,,nasatlx,,6,1,23,1,4,"2,3,4",2,3,3,"1,2,4,5",nasatlx_6
1.0,,,,nasatlx,,6,2,21,2,1,"2,3,4",2,2,2,"1,4,5,8",nasatlx_6
2.0,,,,nasatlx,,6,1,29,1,4,3,2,2,2,"1,2,4",nasatlx_6
5.0,,,,nasatlx,,6,2,27,2,2,2,2,2,2,"4,8",nasatlx_6
5.0,,,,nasatlx,,6,2,18,1,4,"2,4",2,3,3,"4,8",nasatlx_6
3.0,,,,nasatlx,,6,2,24,1,3,"2,3,4",2,3,3,"1,4,5,7,8",nasatlx_6
12.0,,,,nasatlx,,6,2,22,1,4,"2,3,4",1,3,3,8,nasatlx_6
1.0,,,,nasatlx,,6,2,23,1,1,"2,3,4",1,3,3,"2,4,6",nasatlx_6
9.0,,,,nasatlx,,6,1,21,1,4,"2,4",2,2,2,4,nasatlx_6
0.0,,,,nasatlx,,6,2,22,1,2,1,1,2,3,"4,8",nasatlx_6
0.0,,,,nasatlx,,6,2,20,1,4,"2,4",2,3,2,"1,2,4,5,6,7,8",nasatlx_6
11.0,,,,nasatlx,,6,2,24,1,3,"2,3,4",1,3,2,"4,8",nasatlx_6
5.0,,,,nasatlx,,6,2,21,1,4,"2,3,4",3,2,3,"1,2,7",nasatlx_6
4.0,,,,sus,,1,2,20,1,1,"2,3,4",1,2,3,"1,8",sus_1
5.0,,,,sus,,1,2,21,2,4,"2,3,4",2,2,3,"1,8",sus_1
3.0,,,,sus,,1,1,20,1,2,"2,4",2,2,2,"1,2,8",sus_1
4.0,,,,sus,,1,2,21,1,4,"2,3,4",2,2,2,"1,4",sus_1
4.0,,,,sus,,1,2,21,1,3,2,2,3,2,"4,8",sus_1
3.0,,,,sus,,1,2,21,1,4,"2,3,4",3,3,3,"1,4,5,8",sus_1
3.0,,,,sus,,1,3,21,2,1,"2,3,4",2,1,2,"1,8",sus_1
4.0,,,,sus,,1,2,19,1,4,"2,4",2,3,2,"2,4,5",sus_1
5.0,,,,sus,,1,1,20,1,2,4,2,3,2,4,sus_1
2.0,,,,sus,,1,2,23,1,3,"2,3,4",1,3,2,"1,4,8",sus_1
4.0,,,,sus,,1,2,19,1,4,2,2,3,3,"1,4,8",sus_1
4.0,,,,sus,,1,2,20,2,1,"2,4",1,3,2,"1,4,6,8",sus_1
5.0,,,,sus,,1,2,22,1,4,"2,3",1,2,3,"4,5",sus_1
4.0,,,,sus,,1,2,20,1,2,2,2,2,2,"2,4,8",sus_1
4.0,,,,sus,,1,2,25,1,2,"2,4",2,2,2,"2,4,6,7",sus_1
5.0,,,,sus,,1,2,20,1,2,2,2,2,2,"2,4,8",sus_1
5.0,,,,sus,,1,2,25,1,2,"2,4",2,2,2,"2,4,6,7",sus_1
4.0,,,,sus,,1,2,20,1,4,"2,4",1,3,2,"1,2,4,8",sus_1
4.0,,,,sus,,1,2,19,1,3,2,2,3,2,"2,4",sus_1
4.0,,,,sus,,1,2,22,1,4,2,2,2,2,"2,4,6,8",sus_1
3.0,,,,sus,,1,2,18,1,1,2,2,2,2,"4,8",sus_1
2.0,,,,sus,,1,2,19,1,4,2,1,3,2,"2,6,8",sus_1
4.0,,,,sus,,1,2,21,1,2,"2,4",2,2,2,1,sus_1
4.0,,,,sus,,1,2,19,2,4,2,1,2,3,"4,5,6",sus_1
4.0,,,,sus,,1,1,20,1,3,"2,4",2,2,2,4,sus_1
5.0,,,,sus,,1,2,18,1,4,2,2,2,2,4,sus_1
5.0,,,,sus,,1,1,21,1,1,"2,4",2,3,3,"1,4",sus_1
5.0,,,,sus,,1,2,24,1,4,2,1,1,2,,sus_1
3.0,,,,sus,,1,2,19,1,2,2,1,1,2,"4,7",sus_1
5.0,,,,sus,,1,3,19,1,4,"2,3,4",2,1,2,"1,2,6,7,8",sus_1
4.0,,,,sus,,1,2,22,1,3,"2,4",1,3,3,"4,6,8",sus_1
4.0,,,,sus,,1,1,22,1,4,"2,3,4",2,3,2,"1,4",sus_1
4.0,,,,sus,,1,2,25,1,1,4,2,3,2,"1,2,4",sus_1
5.0,,,,sus,,1,2,21,1,4,2,2,2,2,"4,8",sus_1
4.0,,,,sus,,1,2,22,1,2,"2,3,4",2,3,3,"1,2,4",sus_1
4.0,,,,sus,,1,2,19,2,4,"2,3,4",2,1,3,"1,2,4,5,6,7,8",sus_1
3.0,,,,sus,,1,2,20,1,3,"2,4",1,3,2,"4,5,8",sus_1
2.0,,,,sus,,1,2,21,1,4,"2,3,4",2,2,2,"2,4,8",sus_1
5.0,,,,sus,,1,1,30,1,1,"2,3,4",3,3,3,"1,2,4,5,6,7,8",sus_1
4.0,,,,sus,,1,1,22,1,4,"2,4",3,3,3,"1,2,4,5",sus_1
3.0,,,,sus,,1,1,18,1,2,"2,4",2,2,2,2,sus_1
5.0,,,,sus,,1,2,19,1,4,"2,3,4",3,2,2,"1,4,7",sus_1
4.0,,,,sus,,1,1,19,1,3,"3,4",3,2,2,"1,4",sus_1
5.0,,,,sus,,1,1,23,1,4,"2,3,4",2,3,3,"1,2,4,5",sus_1
5.0,,,,sus,,1,2,21,2,1,"2,3,4",2,2,2,"1,4,5,8",sus_1
4.0,,,,sus,,1,1,29,1,4,3,2,2,2,"1,2,4",sus_1
2.0,,,,sus,,1,2,27,2,2,2,2,2,2,"4,8",sus_1
4.0,,,,sus,,1,2,18,1,4,"2,4",2,3,3,"4,8",sus_1
6.0,,,,sus,,1,2,24,1,3,"2,3,4",2,3,3,"1,4,5,7,8",sus_1
4.0,,,,sus,,1,2,22,1,4,"2,3,4",1,3,3,8,sus_1
5.0,,,,sus,,1,2,23,1,1,"2,3,4",1,3,3,"2,4,6",sus_1
4.0,,,,sus,,1,1,21,1,4,"2,4",2,2,2,4,sus_1
5.0,,,,sus,,1,2,22,1,2,1,1,2,3,"4,8",sus_1
3.0,,,,sus,,1,2,20,1,4,"2,4",2,3,2,"1,2,4,5,6,7,8",sus_1
3.0,,,,sus,,1,2,24,1,3,"2,3,4",1,3,2,"4,8",sus_1
3.0,,,,sus,,1,2,21,1,4,"2,3,4",3,2,3,"1,2,7",sus_1
2.0,,,,sus,,2,2,20,1,1,"2,3,4",1,2,3,"1,8",sus_2
1.0,,,,sus,,2,2,21,2,4,"2,3,4",2,2,3,"1,8",sus_2
1.0,,,,sus,,2,1,20,1,2,"2,4",2,2,2,"1,2,8",sus_2
2.0,,,,sus,,2,2,21,1,4,"2,3,4",2,2,2,"1,4",sus_2
2.0,,,,sus,,2,2,21,1,3,2,2,3,2,"4,8",sus_2
2.0,,,,sus,,2,2,21,1,4,"2,3,4",3,3,3,"1,4,5,8",sus_2
1.0,,,,sus,,2,3,21,2,1,"2,3,4",2,1,2,"1,8",sus_2
2.0,,,,sus,,2,2,19,1,4,"2,4",2,3,2,"2,4,5",sus_2
1.0,,,,sus,,2,1,20,1,2,4,2,3,2,4,sus_2
2.0,,,,sus,,2,2,23,1,3,"2,3,4",1,3,2,"1,4,8",sus_2
2.0,,,,sus,,2,2,19,1,4,2,2,3,3,"1,4,8",sus_2
5.0,,,,sus,,2,2,20,2,1,"2,4",1,3,2,"1,4,6,8",sus_2
1.0,,,,sus,,2,2,22,1,4,"2,3",1,2,3,"4,5",sus_2
2.0,,,,sus,,2,2,20,1,2,2,2,2,2,"2,4,8",sus_2
2.0,,,,sus,,2,2,25,1,2,"2,4",2,2,2,"2,4,6,7",sus_2
1.0,,,,sus,,2,2,20,1,2,2,2,2,2,"2,4,8",sus_2
1.0,,,,sus,,2,2,25,1,2,"2,4",2,2,2,"2,4,6,7",sus_2
2.0,,,,sus,,2,2,20,1,4,"2,4",1,3,2,"1,2,4,8",sus_2
2.0,,,,sus,,2,2,19,1,3,2,2,3,2,"2,4",sus_2
1.0,,,,sus,,2,2,22,1,4,2,2,2,2,"2,4,6,8",sus_2
2.0,,,,sus,,2,2,18,1,1,2,2,2,2,"4,8",sus_2
2.0,,,,sus,,2,2,19,1,4,2,1,3,2,"2,6,8",sus_2
5.0,,,,sus,,2,2,21,1,2,"2,4",2,2,2,1,sus_2
2.0,,,,sus,,2,2,19,2,4,2,1,2,3,"4,5,6",sus_2
2.0,,,,sus,,2,1,20,1,3,"2,4",2,2,2,4,sus_2
1.0,,,,sus,,2,2,18,1,4,2,2,2,2,4,sus_2
1.0,,,,sus,,2,1,21,1,1,"2,4",2,3,3,"1,4",sus_2
1.0,,,,sus,,2,2,24,1,4,2,1,1,2,,sus_2
1.0,,,,sus,,2,2,19,1,2,2,1,1,2,"4,7",sus_2
2.0,,,,sus,,2,3,19,1,4,"2,3,4",2,1,2,"1,2,6,7,8",sus_2
2.0,,,,sus,,2,2,22,1,3,"2,4",1,3,3,"4,6,8",sus_2
1.0,,,,sus,,2,1,22,1,4,"2,3,4",2,3,2,"1,4",sus_2
2.0,,,,sus,,2,2,25,1,1,4,2,3,2,"1,2,4",sus_2
4.0,,,,sus,,2,2,21,1,4,2,2,2,2,"4,8",sus_2
1.0,,,,sus,,2,2,22,1,2,"2,3,4",2,3,3,"1,2,4",sus_2
1.0,,,,sus,,2,2,19,2,4,"2,3,4",2,1,3,"1,2,4,5,6,7,8",sus_2
2.0,,,,sus,,2,2,20,1,3,"2,4",1,3,2,"4,5,8",sus_2
2.0,,,,sus,,2,2,21,1,4,"2,3,4",2,2,2,"2,4,8",sus_2
1.0,,,,sus,,2,1,30,1,1,"2,3,4",3,3,3,"1,2,4,5,6,7,8",sus_2
2.0,,,,sus,,2,1,22,1,4,"2,4",3,3,3,"1,2,4,5",sus_2
1.0,,,,sus,,2,1,18,1,2,"2,4",2,2,2,2,sus_2
1.0,,,,sus,,2,2,19,1,4,"2,3,4",3,2,2,"1,4,7",sus_2
2.0,,,,sus,,2,1,19,1,3,"3,4",3,2,2,"1,4",sus_2
2.0,,,,sus,,2,1,23,1,4,"2,3,4",2,3,3,"1,2,4,5",sus_2
2.0,,,,sus,,2,2,21,2,1,"2,3,4",2,2,2,"1,4,5,8",sus_2
2.0,,,,sus,,2,1,29,1,4,3,2,2,2,"1,2,4",sus_2
2.0,,,,sus,,2,2,27,2,2,2,2,2,2,"4,8",sus_2
2.0,,,,sus,,2,2,18,1,4,"2,4",2,3,3,"4,8",sus_2
6.0,,,,sus,,2,2,24,1,3,"2,3,4",2,3,3,"1,4,5,7,8",sus_2
1.0,,,,sus,,2,2,22,1,4,"2,3,4",1,3,3,8,sus_2
1.0,,,,sus,,2,2,23,1,1,"2,3,4",1,3,3,"2,4,6",sus_2
2.0,,,,sus,,2,1,21,1,4,"2,4",2,2,2,4,sus_2
1.0,,,,sus,,2,2,22,1,2,1,1,2,3,"4,8",sus_2
2.0,,,,sus,,2,2,20,1,4,"2,4",2,3,2,"1,2,4,5,6,7,8",sus_2
1.0,,,,sus,,2,2,24,1,3,"2,3,4",1,3,2,"4,8",sus_2
2.0,,,,sus,,2,2,21,1,4,"2,3,4",3,2,3,"1,2,7",sus_2
5.0,,,,sus,,3,2,20,1,1,"2,3,4",1,2,3,"1,8",sus_3
4.0,,,,sus,,3,2,21,2,4,"2,3,4",2,2,3,"1,8",sus_3
4.0,,,,sus,,3,1,20,1,2,"2,4",2,2,2,"1,2,8",sus_3
4.0,,,,sus,,3,2,21,1,4,"2,3,4",2,2,2,"1,4",sus_3
5.0,,,,sus,,3,2,21,1,3,2,2,3,2,"4,8",sus_3
4.0,,,,sus,,3,2,21,1,4,"2,3,4",3,3,3,"1,4,5,8",sus_3
4.0,,,,sus,,3,3,21,2,1,"2,3,4",2,1,2,"1,8",sus_3
3.0,,,,sus,,3,2,19,1,4,"2,4",2,3,2,"2,4,5",sus_3
5.0,,,,sus,,3,1,20,1,2,4,2,3,2,4,sus_3
1.0,,,,sus,,3,2,23,1,3,"2,3,4",1,3,2,"1,4,8",sus_3
4.0,,,,sus,,3,2,19,1,4,2,2,3,3,"1,4,8",sus_3
5.0,,,,sus,,3,2,20,2,1,"2,4",1,3,2,"1,4,6,8",sus_3
5.0,,,,sus,,3,2,22,1,4,"2,3",1,2,3,"4,5",sus_3
4.0,,,,sus,,3,2,20,1,2,2,2,2,2,"2,4,8",sus_3
4.0,,,,sus,,3,2,25,1,2,"2,4",2,2,2,"2,4,6,7",sus_3
5.0,,,,sus,,3,2,20,1,2,2,2,2,2,"2,4,8",sus_3
5.0,,,,sus,,3,2,25,1,2,"2,4",2,2,2,"2,4,6,7",sus_3
3.0,,,,sus,,3,2,20,1,4,"2,4",1,3,2,"1,2,4,8",sus_3
4.0,,,,sus,,3,2,19,1,3,2,2,3,2,"2,4",sus_3
4.0,,,,sus,,3,2,22,1,4,2,2,2,2,"2,4,6,8",sus_3
2.0,,,,sus,,3,2,18,1,1,2,2,2,2,"4,8",sus_3
4.0,,,,sus,,3,2,19,1,4,2,1,3,2,"2,6,8",sus_3
5.0,,,,sus,,3,2,21,1,2,"2,4",2,2,2,1,sus_3
4.0,,,,sus,,3,2,19,2,4,2,1,2,3,"4,5,6",sus_3
4.0,,,,sus,,3,1,20,1,3,"2,4",2,2,2,4,sus_3
5.0,,,,sus,,3,2,18,1,4,2,2,2,2,4,sus_3
5.0,,,,sus,,3,1,21,1,1,"2,4",2,3,3,"1,4",sus_3
4.0,,,,sus,,3,2,24,1,4,2,1,1,2,,sus_3
4.0,,,,sus,,3,2,19,1,2,2,1,1,2,"4,7",sus_3
4.0,,,,sus,,3,3,19,1,4,"2,3,4",2,1,2,"1,2,6,7,8",sus_3
3.0,,,,sus,,3,2,22,1,3,"2,4",1,3,3,"4,6,8",sus_3
4.0,,,,sus,,3,1,22,1,4,"2,3,4",2,3,2,"1,4",sus_3
5.0,,,,sus,,3,2,25,1,1,4,2,3,2,"1,2,4",sus_3
4.0,,,,sus,,3,2,21,1,4,2,2,2,2,"4,8",sus_3
2.0,,,,sus,,3,2,22,1,2,"2,3,4",2,3,3,"1,2,4",sus_3
5.0,,,,sus,,3,2,19,2,4,"2,3,4",2,1,3,"1,2,4,5,6,7,8",sus_3
5.0,,,,sus,,3,2,20,1,3,"2,4",1,3,2,"4,5,8",sus_3
5.0,,,,sus,,3,2,21,1,4,"2,3,4",2,2,2,"2,4,8",sus_3
5.0,,,,sus,,3,1,30,1,1,"2,3,4",3,3,3,"1,2,4,5,6,7,8",sus_3
5.0,,,,sus,,3,1,22,1,4,"2,4",3,3,3,"1,2,4,5",sus_3
5.0,,,,sus,,3,1,18,1,2,"2,4",2,2,2,2,sus_3
4.0,,,,sus,,3,2,19,1,4,"2,3,4",3,2,2,"1,4,7",sus_3
3.0,,,,sus,,3,1,19,1,3,"3,4",3,2,2,"1,4",sus_3
4.0,,,,sus,,3,1,23,1,4,"2,3,4",2,3,3,"1,2,4,5",sus_3
4.0,,,,sus,,3,2,21,2,1,"2,3,4",2,2,2,"1,4,5,8",sus_3
4.0,,,,sus,,3,1,29,1,4,3,2,2,2,"1,2,4",sus_3
3.0,,,,sus,,3,2,27,2,2,2,2,2,2,"4,8",sus_3
4.0,,,,sus,,3,2,18,1,4,"2,4",2,3,3,"4,8",sus_3
6.0,,,,sus,,3,2,24,1,3,"2,3,4",2,3,3,"1,4,5,7,8",sus_3
2.0,,,,sus,,3,2,22,1,4,"2,3,4",1,3,3,8,sus_3
5.0,,,,sus,,3,2,23,1,1,"2,3,4",1,3,3,"2,4,6",sus_3
4.0,,,,sus,,3,1,21,1,4,"2,4",2,2,2,4,sus_3
5.0,,,,sus,,3,2,22,1,2,1,1,2,3,"4,8",sus_3
4.0,,,,sus,,3,2,20,1,4,"2,4",2,3,2,"1,2,4,5,6,7,8",sus_3
4.0,,,,sus,,3,2,24,1,3,"2,3,4",1,3,2,"4,8",sus_3
2.0,,,,sus,,3,2,21,1,4,"2,3,4",3,2,3,"1,2,7",sus_3
4.0,,,,sus,,4,2,20,1,1,"2,3,4",1,2,3,"1,8",sus_4
3.0,,,,sus,,4,2,21,2,4,"2,3,4",2,2,3,"1,8",sus_4
2.0,,,,sus,,4,1,20,1,2,"2,4",2,2,2,"1,2,8",sus_4
1.0,,,,sus,,4,2,21,1,4,"2,3,4",2,2,2,"1,4",sus_4
4.0,,,,sus,,4,2,21,1,3,2,2,3,2,"4,8",sus_4
1.0,,,,sus,,4,2,21,1,4,"2,3,4",3,3,3,"1,4,5,8",sus_4
2.0,,,,sus,,4,3,21,2,1,"2,3,4",2,1,2,"1,8",sus_4
4.0,,,,sus,,4,2,19,1,4,"2,4",2,3,2,"2,4,5",sus_4
1.0,,,,sus,,4,1,20,1,2,4,2,3,2,4,sus_4
5.0,,,,sus,,4,2,23,1,3,"2,3,4",1,3,2,"1,4,8",sus_4
5.0,,,,sus,,4,2,19,1,4,2,2,3,3,"1,4,8",sus_4
3.0,,,,sus,,4,2,20,2,1,"2,4",1,3,2,"1,4,6,8",sus_4
2.0,,,,sus,,4,2,22,1,4,"2,3",1,2,3,"4,5",sus_4
2.0,,,,sus,,4,2,20,1,2,2,2,2,2,"2,4,8",sus_4
2.0,,,,sus,,4,2,25,1,2,"2,4",2,2,2,"2,4,6,7",sus_4
1.0,,,,sus,,4,2,20,1,2,2,2,2,2,"2,4,8",sus_4
1.0,,,,sus,,4,2,25,1,2,"2,4",2,2,2,"2,4,6,7",sus_4
2.0,,,,sus,,4,2,20,1,4,"2,4",1,3,2,"1,2,4,8",sus_4
4.0,,,,sus,,4,2,19,1,3,2,2,3,2,"2,4",sus_4
2.0,,,,sus,,4,2,22,1,4,2,2,2,2,"2,4,6,8",sus_4
4.0,,,,sus,,4,2,18,1,1,2,2,2,2,"4,8",sus_4
2.0,,,,sus,,4,2,19,1,4,2,1,3,2,"2,6,8",sus_4
2.0,,,,sus,,4,2,21,1,2,"2,4",2,2,2,1,sus_4
2.0,,,,sus,,4,2,19,2,4,2,1,2,3,"4,5,6",sus_4
4.0,,,,sus,,4,1,20,1,3,"2,4",2,2,2,4,sus_4
2.0,,,,sus,,4,2,18,1,4,2,2,2,2,4,sus_4
2.0,,,,sus,,4,1,21,1,1,"2,4",2,3,3,"1,4",sus_4
1.0,,,,sus,,4,2,24,1,4,2,1,1,2,,sus_4
1.0,,,,sus,,4,2,19,1,2,2,1,1,2,"4,7",sus_4
4.0,,,,sus,,4,3,19,1,4,"2,3,4",2,1,2,"1,2,6,7,8",sus_4
4.0,,,,sus,,4,2,22,1,3,"2,4",1,3,3,"4,6,8",sus_4
2.0,,,,sus,,4,1,22,1,4,"2,3,4",2,3,2,"1,4",sus_4
4.0,,,,sus,,4,2,25,1,1,4,2,3,2,"1,2,4",sus_4
1.0,,,,sus,,4,2,21,1,4,2,2,2,2,"4,8",sus_4
3.0,,,,sus,,4,2,22,1,2,"2,3,4",2,3,3,"1,2,4",sus_4
1.0,,,,sus,,4,2,19,2,4,"2,3,4",2,1,3,"1,2,4,5,6,7,8",sus_4
4.0,,,,sus,,4,2,20,1,3,"2,4",1,3,2,"4,5,8",sus_4
4.0,,,,sus,,4,2,21,1,4,"2,3,4",2,2,2,"2,4,8",sus_4
3.0,,,,sus,,4,1,30,1,1,"2,3,4",3,3,3,"1,2,4,5,6,7,8",sus_4
1.0,,,,sus,,4,1,22,1,4,"2,4",3,3,3,"1,2,4,5",sus_4
2.0,,,,sus,,4,1,18,1,2,"2,4",2,2,2,2,sus_4
2.0,,,,sus,,4,2,19,1,4,"2,3,4",3,2,2,"1,4,7",sus_4
4.0,,,,sus,,4,1,19,1,3,"3,4",3,2,2,"1,4",sus_4
2.0,,,,sus,,4,1,23,1,4,"2,3,4",2,3,3,"1,2,4,5",sus_4
3.0,,,,sus,,4,2,21,2,1,"2,3,4",2,2,2,"1,4,5,8",sus_4
2.0,,,,sus,,4,1,29,1,4,3,2,2,2,"1,2,4",sus_4
4.0,,,,sus,,4,2,27,2,2,2,2,2,2,"4,8",sus_4
3.0,,,,sus,,4,2,18,1,4,"2,4",2,3,3,"4,8",sus_4
6.0,,,,sus,,4,2,24,1,3,"2,3,4",2,3,3,"1,4,5,7,8",sus_4
4.0,,,,sus,,4,2,22,1,4,"2,3,4",1,3,3,8,sus_4
3.0,,,,sus,,4,2,23,1,1,"2,3,4",1,3,3,"2,4,6",sus_4
2.0,,,,sus,,4,1,21,1,4,"2,4",2,2,2,4,sus_4
1.0,,,,sus,,4,2,22,1,2,1,1,2,3,"4,8",sus_4
4.0,,,,sus,,4,2,20,1,4,"2,4",2,3,2,"1,2,4,5,6,7,8",sus_4
2.0,,,,sus,,4,2,24,1,3,"2,3,4",1,3,2,"4,8",sus_4
3.0,,,,sus,,4,2,21,1,4,"2,3,4",3,2,3,"1,2,7",sus_4
4.0,,,,sus,,5,2,20,1,1,"2,3,4",1,2,3,"1,8",sus_5
5.0,,,,sus,,5,2,21,2,4,"2,3,4",2,2,3,"1,8",sus_5
4.0,,,,sus,,5,1,20,1,2,"2,4",2,2,2,"1,2,8",sus_5
4.0,,,,sus,,5,2,21,1,4,"2,3,4",2,2,2,"1,4",sus_5
5.0,,,,sus,,5,2,21,1,3,2,2,3,2,"4,8",sus_5
4.0,,,,sus,,5,2,21,1,4,"2,3,4",3,3,3,"1,4,5,8",sus_5
4.0,,,,sus,,5,3,21,2,1,"2,3,4",2,1,2,"1,8",sus_5
4.0,,,,sus,,5,2,19,1,4,"2,4",2,3,2,"2,4,5",sus_5
5.0,,,,sus,,5,1,20,1,2,4,2,3,2,4,sus_5
4.0,,,,sus,,5,2,23,1,3,"2,3,4",1,3,2,"1,4,8",sus_5
4.0,,,,sus,,5,2,19,1,4,2,2,3,3,"1,4,8",sus_5
5.0,,,,sus,,5,2,20,2,1,"2,4",1,3,2,"1,4,6,8",sus_5
5.0,,,,sus,,5,2,22,1,4,"2,3",1,2,3,"4,5",sus_5
4.0,,,,sus,,5,2,20,1,2,2,2,2,2,"2,4,8",sus_5
4.0,,,,sus,,5,2,25,1,2,"2,4",2,2,2,"2,4,6,7",sus_5
5.0,,,,sus,,5,2,20,1,2,2,2,2,2,"2,4,8",sus_5
5.0,,,,sus,,5,2,25,1,2,"2,4",2,2,2,"2,4,6,7",sus_5
4.0,,,,sus,,5,2,20,1,4,"2,4",1,3,2,"1,2,4,8",sus_5
3.0,,,,sus,,5,2,19,1,3,2,2,3,2,"2,4",sus_5
4.0,,,,sus,,5,2,22,1,4,2,2,2,2,"2,4,6,8",sus_5
2.0,,,,sus,,5,2,18,1,1,2,2,2,2,"4,8",sus_5
3.0,,,,sus,,5,2,19,1,4,2,1,3,2,"2,6,8",sus_5
5.0,,,,sus,,5,2,21,1,2,"2,4",2,2,2,1,sus_5
4.0,,,,sus,,5,2,19,2,4,2,1,2,3,"4,5,6",sus_5
4.0,,,,sus,,5,1,20,1,3,"2,4",2,2,2,4,sus_5
5.0,,,,sus,,5,2,18,1,4,2,2,2,2,4,sus_5
5.0,,,,sus,,5,1,21,1,1,"2,4",2,3,3,"1,4",sus_5
5.0,,,,sus,,5,2,24,1,4,2,1,1,2,,sus_5
4.0,,,,sus,,5,2,19,1,2,2,1,1,2,"4,7",sus_5
4.0,,,,sus,,5,3,19,1,4,"2,3,4",2,1,2,"1,2,6,7,8",sus_5
4.0,,,,sus,,5,2,22,1,3,"2,4",1,3,3,"4,6,8",sus_5
4.0,,,,sus,,5,1,22,1,4,"2,3,4",2,3,2,"1,4",sus_5
5.0,,,,sus,,5,2,25,1,1,4,2,3,2,"1,2,4",sus_5
5.0,,,,sus,,5,2,21,1,4,2,2,2,2,"4,8",sus_5
3.0,,,,sus,,5,2,22,1,2,"2,3,4",2,3,3,"1,2,4",sus_5
5.0,,,,sus,,5,2,19,2,4,"2,3,4",2,1,3,"1,2,4,5,6,7,8",sus_5
4.0,,,,sus,,5,2,20,1,3,"2,4",1,3,2,"4,5,8",sus_5
4.0,,,,sus,,5,2,21,1,4,"2,3,4",2,2,2,"2,4,8",sus_5
4.0,,,,sus,,5,1,30,1,1,"2,3,4",3,3,3,"1,2,4,5,6,7,8",sus_5
4.0,,,,sus,,5,1,22,1,4,"2,4",3,3,3,"1,2,4,5",sus_5
4.0,,,,sus,,5,1,18,1,2,"2,4",2,2,2,2,sus_5
5.0,,,,sus,,5,2,19,1,4,"2,3,4",3,2,2,"1,4,7",sus_5
5.0,,,,sus,,5,1,19,1,3,"3,4",3,2,2,"1,4",sus_5
4.0,,,,sus,,5,1,23,1,4,"2,3,4",2,3,3,"1,2,4,5",sus_5
5.0,,,,sus,,5,2,21,2,1,"2,3,4",2,2,2,"1,4,5,8",sus_5
3.0,,,,sus,,5,1,29,1,4,3,2,2,2,"1,2,4",sus_5
2.0,,,,sus,,5,2,27,2,2,2,2,2,2,"4,8",sus_5
5.0,,,,sus,,5,2,18,1,4,"2,4",2,3,3,"4,8",sus_5
6.0,,,,sus,,5,2,24,1,3,"2,3,4",2,3,3,"1,4,5,7,8",sus_5
4.0,,,,sus,,5,2,22,1,4,"2,3,4",1,3,3,8,sus_5
5.0,,,,sus,,5,2,23,1,1,"2,3,4",1,3,3,"2,4,6",sus_5
6.0,,,,sus,,5,1,21,1,4,"2,4",2,2,2,4,sus_5
5.0,,,,sus,,5,2,22,1,2,1,1,2,3,"4,8",sus_5
4.0,,,,sus,,5,2,20,1,4,"2,4",2,3,2,"1,2,4,5,6,7,8",sus_5
5.0,,,,sus,,5,2,24,1,3,"2,3,4",1,3,2,"4,8",sus_5
4.0,,,,sus,,5,2,21,1,4,"2,3,4",3,2,3,"1,2,7",sus_5
2.0,,,,sus,,6,2,20,1,1,"2,3,4",1,2,3,"1,8",sus_6
1.0,,,,sus,,6,2,21,2,4,"2,3,4",2,2,3,"1,8",sus_6
2.0,,,,sus,,6,1,20,1,2,"2,4",2,2,2,"1,2,8",sus_6
4.0,,,,sus,,6,2,21,1,4,"2,3,4",2,2,2,"1,4",sus_6
1.0,,,,sus,,6,2,21,1,3,2,2,3,2,"4,8",sus_6
4.0,,,,sus,,6,2,21,1,4,"2,3,4",3,3,3,"1,4,5,8",sus_6
2.0,,,,sus,,6,3,21,2,1,"2,3,4",2,1,2,"1,8",sus_6
3.0,,,,sus,,6,2,19,1,4,"2,4",2,3,2,"2,4,5",sus_6
4.0,,,,sus,,6,1,20,1,2,4,2,3,2,4,sus_6
2.0,,,,sus,,6,2,23,1,3,"2,3,4",1,3,2,"1,4,8",sus_6
3.0,,,,sus,,6,2,19,1,4,2,2,3,3,"1,4,8",sus_6
2.0,,,,sus,,6,2,20,2,1,"2,4",1,3,2,"1,4,6,8",sus_6
1.0,,,,sus,,6,2,22,1,4,"2,3",1,2,3,"4,5",sus_6
2.0,,,,sus,,6,2,20,1,2,2,2,2,2,"2,4,8",sus_6
2.0,,,,sus,,6,2,25,1,2,"2,4",2,2,2,"2,4,6,7",sus_6
1.0,,,,sus,,6,2,20,1,2,2,2,2,2,"2,4,8",sus_6
1.0,,,,sus,,6,2,25,1,2,"2,4",2,2,2,"2,4,6,7",sus_6
2.0,,,,sus,,6,2,20,1,4,"2,4",1,3,2,"1,2,4,8",sus_6
2.0,,,,sus,,6,2,19,1,3,2,2,3,2,"2,4",sus_6
2.0,,,,sus,,6,2,22,1,4,2,2,2,2,"2,4,6,8",sus_6
4.0,,,,sus,,6,2,18,1,1,2,2,2,2,"4,8",sus_6
4.0,,,,sus,,6,2,19,1,4,2,1,3,2,"2,6,8",sus_6
3.0,,,,sus,,6,2,21,1,2,"2,4",2,2,2,1,sus_6
2.0,,,,sus,,6,2,19,2,4,2,1,2,3,"4,5,6",sus_6
3.0,,,,sus,,6,1,20,1,3,"2,4",2,2,2,4,sus_6
2.0,,,,sus,,6,2,18,1,4,2,2,2,2,4,sus_6
1.0,,,,sus,,6,1,21,1,1,"2,4",2,3,3,"1,4",sus_6
1.0,,,,sus,,6,2,24,1,4,2,1,1,2,,sus_6
4.0,,,,sus,,6,2,19,1,2,2,1,1,2,"4,7",sus_6
4.0,,,,sus,,6,3,19,1,4,"2,3,4",2,1,2,"1,2,6,7,8",sus_6
2.0,,,,sus,,6,2,22,1,3,"2,4",1,3,3,"4,6,8",sus_6
2.0,,,,sus,,6,1,22,1,4,"2,3,4",2,3,2,"1,4",sus_6
2.0,,,,sus,,6,2,25,1,1,4,2,3,2,"1,2,4",sus_6
3.0,,,,sus,,6,2,21,1,4,2,2,2,2,"4,8",sus_6
5.0,,,,sus,,6,2,22,1,2,"2,3,4",2,3,3,"1,2,4",sus_6
2.0,,,,sus,,6,2,19,2,4,"2,3,4",2,1,3,"1,2,4,5,6,7,8",sus_6
2.0,,,,sus,,6,2,20,1,3,"2,4",1,3,2,"4,5,8",sus_6
1.0,,,,sus,,6,2,21,1,4,"2,3,4",2,2,2,"2,4,8",sus_6
1.0,,,,sus,,6,1,30,1,1,"2,3,4",3,3,3,"1,2,4,5,6,7,8",sus_6
3.0,,,,sus,,6,1,22,1,4,"2,4",3,3,3,"1,2,4,5",sus_6
2.0,,,,sus,,6,1,18,1,2,"2,4",2,2,2,2,sus_6
2.0,,,,sus,,6,2,19,1,4,"2,3,4",3,2,2,"1,4,7",sus_6
3.0,,,,sus,,6,1,19,1,3,"3,4",3,2,2,"1,4",sus_6
2.0,,,,sus,,6,1,23,1,4,"2,3,4",2,3,3,"1,2,4,5",sus_6
3.0,,,,sus,,6,2,21,2,1,"2,3,4",2,2,2,"1,4,5,8",sus_6
2.0,,,,sus,,6,1,29,1,4,3,2,2,2,"1,2,4",sus_6
2.0,,,,sus,,6,2,27,2,2,2,2,2,2,"4,8",sus_6
2.0,,,,sus,,6,2,18,1,4,"2,4",2,3,3,"4,8",sus_6
6.0,,,,sus,,6,2,24,1,3,"2,3,4",2,3,3,"1,4,5,7,8",sus_6
4.0,,,,sus,,6,2,22,1,4,"2,3,4",1,3,3,8,sus_6
1.0,,,,sus,,6,2,23,1,1,"2,3,4",1,3,3,"2,4,6",sus_6
2.0,,,,sus,,6,1,21,1,4,"2,4",2,2,2,4,sus_6
1.0,,,,sus,,6,2,22,1,2,1,1,2,3,"4,8",sus_6
2.0,,,,sus,,6,2,20,1,4,"2,4",2,3,2,"1,2,4,5,6,7,8",sus_6
2.0,,,,sus,,6,2,24,1,3,"2,3,4",1,3,2,"4,8",sus_6
2.0,,,,sus,,6,2,21,1,4,"2,3,4",3,2,3,"1,2,7",sus_6
4.0,,,,sus,,7,2,20,1,1,"2,3,4",1,2,3,"1,8",sus_7
5.0,,,,sus,,7,2,21,2,4,"2,3,4",2,2,3,"1,8",sus_7
4.0,,,,sus,,7,1,20,1,2,"2,4",2,2,2,"1,2,8",sus_7
4.0,,,,sus,,7,2,21,1,4,"2,3,4",2,2,2,"1,4",sus_7
4.0,,,,sus,,7,2,21,1,3,2,2,3,2,"4,8",sus_7
5.0,,,,sus,,7,2,21,1,4,"2,3,4",3,3,3,"1,4,5,8",sus_7
5.0,,,,sus,,7,3,21,2,1,"2,3,4",2,1,2,"1,8",sus_7
4.0,,,,sus,,7,2,19,1,4,"2,4",2,3,2,"2,4,5",sus_7
5.0,,,,sus,,7,1,20,1,2,4,2,3,2,4,sus_7
2.0,,,,sus,,7,2,23,1,3,"2,3,4",1,3,2,"1,4,8",sus_7
5.0,,,,sus,,7,2,19,1,4,2,2,3,3,"1,4,8",sus_7
5.0,,,,sus,,7,2,20,2,1,"2,4",1,3,2,"1,4,6,8",sus_7
5.0,,,,sus,,7,2,22,1,4,"2,3",1,2,3,"4,5",sus_7
5.0,,,,sus,,7,2,20,1,2,2,2,2,2,"2,4,8",sus_7
5.0,,,,sus,,7,2,25,1,2,"2,4",2,2,2,"2,4,6,7",sus_7
5.0,,,,sus,,7,2,20,1,2,2,2,2,2,"2,4,8",sus_7
5.0,,,,sus,,7,2,25,1,2,"2,4",2,2,2,"2,4,6,7",sus_7
5.0,,,,sus,,7,2,20,1,4,"2,4",1,3,2,"1,2,4,8",sus_7
4.0,,,,sus,,7,2,19,1,3,2,2,3,2,"2,4",sus_7
5.0,,,,sus,,7,2,22,1,4,2,2,2,2,"2,4,6,8",sus_7
3.0,,,,sus,,7,2,18,1,1,2,2,2,2,"4,8",sus_7
4.0,,,,sus,,7,2,19,1,4,2,1,3,2,"2,6,8",sus_7
5.0,,,,sus,,7,2,21,1,2,"2,4",2,2,2,1,sus_7
6.0,,,,sus,,7,2,19,2,4,2,1,2,3,"4,5,6",sus_7
4.0,,,,sus,,7,1,20,1,3,"2,4",2,2,2,4,sus_7
5.0,,,,sus,,7,2,18,1,4,2,2,2,2,4,sus_7
5.0,,,,sus,,7,1,21,1,1,"2,4",2,3,3,"1,4",sus_7
4.0,,,,sus,,7,2,24,1,4,2,1,1,2,,sus_7
5.0,,,,sus,,7,2,19,1,2,2,1,1,2,"4,7",sus_7
4.0,,,,sus,,7,3,19,1,4,"2,3,4",2,1,2,"1,2,6,7,8",sus_7
4.0,,,,sus,,7,2,22,1,3,"2,4",1,3,3,"4,6,8",sus_7
4.0,,,,sus,,7,1,22,1,4,"2,3,4",2,3,2,"1,4",sus_7
5.0,,,,sus,,7,2,25,1,1,4,2,3,2,"1,2,4",sus_7
5.0,,,,sus,,7,2,21,1,4,2,2,2,2,"4,8",sus_7
2.0,,,,sus,,7,2,22,1,2,"2,3,4",2,3,3,"1,2,4",sus_7
5.0,,,,sus,,7,2,19,2,4,"2,3,4",2,1,3,"1,2,4,5,6,7,8",sus_7
4.0,,,,sus,,7,2,20,1,3,"2,4",1,3,2,"4,5,8",sus_7
4.0,,,,sus,,7,2,21,1,4,"2,3,4",2,2,2,"2,4,8",sus_7
5.0,,,,sus,,7,1,30,1,1,"2,3,4",3,3,3,"1,2,4,5,6,7,8",sus_7
5.0,,,,sus,,7,1,22,1,4,"2,4",3,3,3,"1,2,4,5",sus_7
5.0,,,,sus,,7,1,18,1,2,"2,4",2,2,2,2,sus_7
4.0,,,,sus,,7,2,19,1,4,"2,3,4",3,2,2,"1,4,7",sus_7
5.0,,,,sus,,7,1,19,1,3,"3,4",3,2,2,"1,4",sus_7
4.0,,,,sus,,7,1,23,1,4,"2,3,4",2,3,3,"1,2,4,5",sus_7
5.0,,,,sus,,7,2,21,2,1,"2,3,4",2,2,2,"1,4,5,8",sus_7
3.0,,,,sus,,7,1,29,1,4,3,2,2,2,"1,2,4",sus_7
2.0,,,,sus,,7,2,27,2,2,2,2,2,2,"4,8",sus_7
3.0,,,,sus,,7,2,18,1,4,"2,4",2,3,3,"4,8",sus_7
6.0,,,,sus,,7,2,24,1,3,"2,3,4",2,3,3,"1,4,5,7,8",sus_7
2.0,,,,sus,,7,2,22,1,4,"2,3,4",1,3,3,8,sus_7
5.0,,,,sus,,7,2,23,1,1,"2,3,4",1,3,3,"2,4,6",sus_7
6.0,,,,sus,,7,1,21,1,4,"2,4",2,2,2,4,sus_7
5.0,,,,sus,,7,2,22,1,2,1,1,2,3,"4,8",sus_7
5.0,,,,sus,,7,2,20,1,4,"2,4",2,3,2,"1,2,4,5,6,7,8",sus_7
5.0,,,,sus,,7,2,24,1,3,"2,3,4",1,3,2,"4,8",sus_7
2.0,,,,sus,,7,2,21,1,4,"2,3,4",3,2,3,"1,2,7",sus_7
2.0,,,,sus,,8,2,20,1,1,"2,3,4",1,2,3,"1,8",sus_8
1.0,,,,sus,,8,2,21,2,4,"2,3,4",2,2,3,"1,8",sus_8
2.0,,,,sus,,8,1,20,1,2,"2,4",2,2,2,"1,2,8",sus_8
2.0,,,,sus,,8,2,21,1,4,"2,3,4",2,2,2,"1,4",sus_8
3.0,,,,sus,,8,2,21,1,3,2,2,3,2,"4,8",sus_8
1.0,,,,sus,,8,2,21,1,4,"2,3,4",3,3,3,"1,4,5,8",sus_8
4.0,,,,sus,,8,3,21,2,1,"2,3,4",2,1,2,"1,8",sus_8
2.0,,,,sus,,8,2,19,1,4,"2,4",2,3,2,"2,4,5",sus_8
3.0,,,,sus,,8,1,20,1,2,4,2,3,2,4,sus_8
5.0,,,,sus,,8,2,23,1,3,"2,3,4",1,3,2,"1,4,8",sus_8
4.0,,,,sus,,8,2,19,1,4,2,2,3,3,"1,4,8",sus_8
1.0,,,,sus,,8,2,20,2,1,"2,4",1,3,2,"1,4,6,8",sus_8
2.0,,,,sus,,8,2,22,1,4,"2,3",1,2,3,"4,5",sus_8
2.0,,,,sus,,8,2,20,1,2,2,2,2,2,"2,4,8",sus_8
2.0,,,,sus,,8,2,25,1,2,"2,4",2,2,2,"2,4,6,7",sus_8
1.0,,,,sus,,8,2,20,1,2,2,2,2,2,"2,4,8",sus_8
1.0,,,,sus,,8,2,25,1,2,"2,4",2,2,2,"2,4,6,7",sus_8
2.0,,,,sus,,8,2,20,1,4,"2,4",1,3,2,"1,2,4,8",sus_8
2.0,,,,sus,,8,2,19,1,3,2,2,3,2,"2,4",sus_8
4.0,,,,sus,,8,2,22,1,4,2,2,2,2,"2,4,6,8",sus_8
4.0,,,,sus,,8,2,18,1,1,2,2,2,2,"4,8",sus_8
3.0,,,,sus,,8,2,19,1,4,2,1,3,2,"2,6,8",sus_8
3.0,,,,sus,,8,2,21,1,2,"2,4",2,2,2,1,sus_8
3.0,,,,sus,,8,2,19,2,4,2,1,2,3,"4,5,6",sus_8
2.0,,,,sus,,8,1,20,1,3,"2,4",2,2,2,4,sus_8
1.0,,,,sus,,8,2,18,1,4,2,2,2,2,4,sus_8
1.0,,,,sus,,8,1,21,1,1,"2,4",2,3,3,"1,4",sus_8
1.0,,,,sus,,8,2,24,1,4,2,1,1,2,,sus_8
3.0,,,,sus,,8,2,19,1,2,2,1,1,2,"4,7",sus_8
2.0,,,,sus,,8,3,19,1,4,"2,3,4",2,1,2,"1,2,6,7,8",sus_8
3.0,,,,sus,,8,2,22,1,3,"2,4",1,3,3,"4,6,8",sus_8
1.0,,,,sus,,8,1,22,1,4,"2,3,4",2,3,2,"1,4",sus_8
2.0,,,,sus,,8,2,25,1,1,4,2,3,2,"1,2,4",sus_8
2.0,,,,sus,,8,2,21,1,4,2,2,2,2,"4,8",sus_8
3.0,,,,sus,,8,2,22,1,2,"2,3,4",2,3,3,"1,2,4",sus_8
2.0,,,,sus,,8,2,19,2,4,"2,3,4",2,1,3,"1,2,4,5,6,7,8",sus_8
1.0,,,,sus,,8,2,20,1,3,"2,4",1,3,2,"4,5,8",sus_8
3.0,,,,sus,,8,2,21,1,4,"2,3,4",2,2,2,"2,4,8",sus_8
1.0,,,,sus,,8,1,30,1,1,"2,3,4",3,3,3,"1,2,4,5,6,7,8",sus_8
2.0,,,,sus,,8,1,22,1,4,"2,4",3,3,3,"1,2,4,5",sus_8
3.0,,,,sus,,8,1,18,1,2,"2,4",2,2,2,2,sus_8
1.0,,,,sus,,8,2,19,1,4,"2,3,4",3,2,2,"1,4,7",sus_8
2.0,,,,sus,,8,1,19,1,3,"3,4",3,2,2,"1,4",sus_8
2.0,,,,sus,,8,1,23,1,4,"2,3,4",2,3,3,"1,2,4,5",sus_8
1.0,,,,sus,,8,2,21,2,1,"2,3,4",2,2,2,"1,4,5,8",sus_8
1.0,,,,sus,,8,1,29,1,4,3,2,2,2,"1,2,4",sus_8
2.0,,,,sus,,8,2,27,2,2,2,2,2,2,"4,8",sus_8
2.0,,,,sus,,8,2,18,1,4,"2,4",2,3,3,"4,8",sus_8
6.0,,,,sus,,8,2,24,1,3,"2,3,4",2,3,3,"1,4,5,7,8",sus_8
3.0,,,,sus,,8,2,22,1,4,"2,3,4",1,3,3,8,sus_8
3.0,,,,sus,,8,2,23,1,1,"2,3,4",1,3,3,"2,4,6",sus_8
2.0,,,,sus,,8,1,21,1,4,"2,4",2,2,2,4,sus_8
1.0,,,,sus,,8,2,22,1,2,1,1,2,3,"4,8",sus_8
2.0,,,,sus,,8,2,20,1,4,"2,4",2,3,2,"1,2,4,5,6,7,8",sus_8
2.0,,,,sus,,8,2,24,1,3,"2,3,4",1,3,2,"4,8",sus_8
2.0,,,,sus,,8,2,21,1,4,"2,3,4",3,2,3,"1,2,7",sus_8
3.0,,,,sus,,9,2,20,1,1,"2,3,4",1,2,3,"1,8",sus_9
4.0,,,,sus,,9,2,21,2,4,"2,3,4",2,2,3,"1,8",sus_9
3.0,,,,sus,,9,1,20,1,2,"2,4",2,2,2,"1,2,8",sus_9
3.0,,,,sus,,9,2,21,1,4,"2,3,4",2,2,2,"1,4",sus_9
4.0,,,,sus,,9,2,21,1,3,2,2,3,2,"4,8",sus_9
4.0,,,,sus,,9,2,21,1,4,"2,3,4",3,3,3,"1,4,5,8",sus_9
3.0,,,,sus,,9,3,21,2,1,"2,3,4",2,1,2,"1,8",sus_9
3.0,,,,sus,,9,2,19,1,4,"2,4",2,3,2,"2,4,5",sus_9
5.0,,,,sus,,9,1,20,1,2,4,2,3,2,4,sus_9
1.0,,,,sus,,9,2,23,1,3,"2,3,4",1,3,2,"1,4,8",sus_9
4.0,,,,sus,,9,2,19,1,4,2,2,3,3,"1,4,8",sus_9
5.0,,,,sus,,9,2,20,2,1,"2,4",1,3,2,"1,4,6,8",sus_9
5.0,,,,sus,,9,2,22,1,4,"2,3",1,2,3,"4,5",sus_9
4.0,,,,sus,,9,2,20,1,2,2,2,2,2,"2,4,8",sus_9
4.0,,,,sus,,9,2,25,1,2,"2,4",2,2,2,"2,4,6,7",sus_9
5.0,,,,sus,,9,2,20,1,2,2,2,2,2,"2,4,8",sus_9
5.0,,,,sus,,9,2,25,1,2,"2,4",2,2,2,"2,4,6,7",sus_9
3.0,,,,sus,,9,2,20,1,4,"2,4",1,3,2,"1,2,4,8",sus_9
4.0,,,,sus,,9,2,19,1,3,2,2,3,2,"2,4",sus_9
4.0,,,,sus,,9,2,22,1,4,2,2,2,2,"2,4,6,8",sus_9
2.0,,,,sus,,9,2,18,1,1,2,2,2,2,"4,8",sus_9
4.0,,,,sus,,9,2,19,1,4,2,1,3,2,"2,6,8",sus_9
5.0,,,,sus,,9,2,21,1,2,"2,4",2,2,2,1,sus_9
5.0,,,,sus,,9,2,19,2,4,2,1,2,3,"4,5,6",sus_9
4.0,,,,sus,,9,1,20,1,3,"2,4",2,2,2,4,sus_9
5.0,,,,sus,,9,2,18,1,4,2,2,2,2,4,sus_9
5.0,,,,sus,,9,1,21,1,1,"2,4",2,3,3,"1,4",sus_9
4.0,,,,sus,,9,2,24,1,4,2,1,1,2,,sus_9
3.0,,,,sus,,9,2,19,1,2,2,1,1,2,"4,7",sus_9
3.0,,,,sus,,9,3,19,1,4,"2,3,4",2,1,2,"1,2,6,7,8",sus_9
3.0,,,,sus,,9,2,22,1,3,"2,4",1,3,3,"4,6,8",sus_9
4.0,,,,sus,,9,1,22,1,4,"2,3,4",2,3,2,"1,4",sus_9
5.0,,,,sus,,9,2,25,1,1,4,2,3,2,"1,2,4",sus_9
5.0,,,,sus,,9,2,21,1,4,2,2,2,2,"4,8",sus_9
3.0,,,,sus,,9,2,22,1,2,"2,3,4",2,3,3,"1,2,4",sus_9
4.0,,,,sus,,9,2,19,2,4,"2,3,4",2,1,3,"1,2,4,5,6,7,8",sus_9
5.0,,,,sus,,9,2,20,1,3,"2,4",1,3,2,"4,5,8",sus_9
6.0,,,,sus,,9,2,21,1,4,"2,3,4",2,2,2,"2,4,8",sus_9
5.0,,,,sus,,9,1,30,1,1,"2,3,4",3,3,3,"1,2,4,5,6,7,8",sus_9
5.0,,,,sus,,9,1,22,1,4,"2,4",3,3,3,"1,2,4,5",sus_9
4.0,,,,sus,,9,1,18,1,2,"2,4",2,2,2,2,sus_9
4.0,,,,sus,,9,2,19,1,4,"2,3,4",3,2,2,"1,4,7",sus_9
4.0,,,,sus,,9,1,19,1,3,"3,4",3,2,2,"1,4",sus_9
4.0,,,,sus,,9,1,23,1,4,"2,3,4",2,3,3,"1,2,4,5",sus_9
4.0,,,,sus,,9,2,21,2,1,"2,3,4",2,2,2,"1,4,5,8",sus_9
3.0,,,,sus,,9,1,29,1,4,3,2,2,2,"1,2,4",sus_9
3.0,,,,sus,,9,2,27,2,2,2,2,2,2,"4,8",sus_9
4.0,,,,sus,,9,2,18,1,4,"2,4",2,3,3,"4,8",sus_9
6.0,,,,sus,,9,2,24,1,3,"2,3,4",2,3,3,"1,4,5,7,8",sus_9
2.0,,,,sus,,9,2,22,1,4,"2,3,4",1,3,3,8,sus_9
5.0,,,,sus,,9,2,23,1,1,"2,3,4",1,3,3,"2,4,6",sus_9
6.0,,,,sus,,9,1,21,1,4,"2,4",2,2,2,4,sus_9
5.0,,,,sus,,9,2,22,1,2,1,1,2,3,"4,8",sus_9
5.0,,,,sus,,9,2,20,1,4,"2,4",2,3,2,"1,2,4,5,6,7,8",sus_9
4.0,,,,sus,,9,2,24,1,3,"2,3,4",1,3,2,"4,8",sus_9
3.0,,,,sus,,9,2,21,1,4,"2,3,4",3,2,3,"1,2,7",sus_9
4.0,,,,sus,,10,2,20,1,1,"2,3,4",1,2,3,"1,8",sus_10
4.0,,,,sus,,10,2,21,2,4,"2,3,4",2,2,3,"1,8",sus_10
2.0,,,,sus,,10,1,20,1,2,"2,4",2,2,2,"1,2,8",sus_10
1.0,,,,sus,,10,2,21,1,4,"2,3,4",2,2,2,"1,4",sus_10
3.0,,,,sus,,10,2,21,1,3,2,2,3,2,"4,8",sus_10
1.0,,,,sus,,10,2,21,1,4,"2,3,4",3,3,3,"1,4,5,8",sus_10
2.0,,,,sus,,10,3,21,2,1,"2,3,4",2,1,2,"1,8",sus_10
2.0,,,,sus,,10,2,19,1,4,"2,4",2,3,2,"2,4,5",sus_10
5.0,,,,sus,,10,1,20,1,2,4,2,3,2,4,sus_10
5.0,,,,sus,,10,2,23,1,3,"2,3,4",1,3,2,"1,4,8",sus_10
1.0,,,,sus,,10,2,19,1,4,2,2,3,3,"1,4,8",sus_10
2.0,,,,sus,,10,2,20,2,1,"2,4",1,3,2,"1,4,6,8",sus_10
2.0,,,,sus,,10,2,22,1,4,"2,3",1,2,3,"4,5",sus_10
1.0,,,,sus,,10,2,20,1,2,2,2,2,2,"2,4,8",sus_10
1.0,,,,sus,,10,2,25,1,2,"2,4",2,2,2,"2,4,6,7",sus_10
1.0,,,,sus,,10,2,20,1,2,2,2,2,2,"2,4,8",sus_10
1.0,,,,sus,,10,2,25,1,2,"2,4",2,2,2,"2,4,6,7",sus_10
2.0,,,,sus,,10,2,20,1,4,"2,4",1,3,2,"1,2,4,8",sus_10
2.0,,,,sus,,10,2,19,1,3,2,2,3,2,"2,4",sus_10
1.0,,,,sus,,10,2,22,1,4,2,2,2,2,"2,4,6,8",sus_10
5.0,,,,sus,,10,2,18,1,1,2,2,2,2,"4,8",sus_10
2.0,,,,sus,,10,2,19,1,4,2,1,3,2,"2,6,8",sus_10
5.0,,,,sus,,10,2,21,1,2,"2,4",2,2,2,1,sus_10
1.0,,,,sus,,10,2,19,2,4,2,1,2,3,"4,5,6",sus_10
2.0,,,,sus,,10,1,20,1,3,"2,4",2,2,2,4,sus_10
2.0,,,,sus,,10,2,18,1,4,2,2,2,2,4,sus_10
1.0,,,,sus,,10,1,21,1,1,"2,4",2,3,3,"1,4",sus_10
1.0,,,,sus,,10,2,24,1,4,2,1,1,2,,sus_10
1.0,,,,sus,,10,2,19,1,2,2,1,1,2,"4,7",sus_10
2.0,,,,sus,,10,3,19,1,4,"2,3,4",2,1,2,"1,2,6,7,8",sus_10
2.0,,,,sus,,10,2,22,1,3,"2,4",1,3,3,"4,6,8",sus_10
1.0,,,,sus,,10,1,22,1,4,"2,3,4",2,3,2,"1,4",sus_10
4.0,,,,sus,,10,2,25,1,1,4,2,3,2,"1,2,4",sus_10
2.0,,,,sus,,10,2,21,1,4,2,2,2,2,"4,8",sus_10
1.0,,,,sus,,10,2,22,1,2,"2,3,4",2,3,3,"1,2,4",sus_10
2.0,,,,sus,,10,2,19,2,4,"2,3,4",2,1,3,"1,2,4,5,6,7,8",sus_10
2.0,,,,sus,,10,2,20,1,3,"2,4",1,3,2,"4,5,8",sus_10
1.0,,,,sus,,10,2,21,1,4,"2,3,4",2,2,2,"2,4,8",sus_10
3.0,,,,sus,,10,1,30,1,1,"2,3,4",3,3,3,"1,2,4,5,6,7,8",sus_10
2.0,,,,sus,,10,1,22,1,4,"2,4",3,3,3,"1,2,4,5",sus_10
1.0,,,,sus,,10,1,18,1,2,"2,4",2,2,2,2,sus_10
2.0,,,,sus,,10,2,19,1,4,"2,3,4",3,2,2,"1,4,7",sus_10
4.0,,,,sus,,10,1,19,1,3,"3,4",3,2,2,"1,4",sus_10
1.0,,,,sus,,10,1,23,1,4,"2,3,4",2,3,3,"1,2,4,5",sus_10
2.0,,,,sus,,10,2,21,2,1,"2,3,4",2,2,2,"1,4,5,8",sus_10
1.0,,,,sus,,10,1,29,1,4,3,2,2,2,"1,2,4",sus_10
2.0,,,,sus,,10,2,27,2,2,2,2,2,2,"4,8",sus_10
1.0,,,,sus,,10,2,18,1,4,"2,4",2,3,3,"4,8",sus_10
6.0,,,,sus,,10,2,24,1,3,"2,3,4",2,3,3,"1,4,5,7,8",sus_10
2.0,,,,sus,,10,2,22,1,4,"2,3,4",1,3,3,8,sus_10
1.0,,,,sus,,10,2,23,1,1,"2,3,4",1,3,3,"2,4,6",sus_10
2.0,,,,sus,,10,1,21,1,4,"2,4",2,2,2,4,sus_10
1.0,,,,sus,,10,2,22,1,2,1,1,2,3,"4,8",sus_10
2.0,,,,sus,,10,2,20,1,4,"2,4",2,3,2,"1,2,4,5,6,7,8",sus_10
1.0,,,,sus,,10,2,24,1,3,"2,3,4",1,3,2,"4,8",sus_10
4.0,,,,sus,,10,2,21,1,4,"2,3,4",3,2,3,"1,2,7",sus_10
